District,SCRN,School English Name,School Chinese Name,K1 Vacancy Status,K2 Vacancy Status,K3 Vacancy Status,As At Date
CENTRAL AND WESTERN,619841-0001,CANNAN KINDERGARTEN (CENTRAL CAINE ROAD),迦南幼稚園（中環堅道）,Y,Y,Y,17/03/2026
CENTRAL AND WESTERN,322270-0001,CARITAS LING YUET SIN KINDERGARTEN,明愛凌月仙幼稚園,Y,Y,Y,17/03/2026
CENTRAL AND WESTERN,565954-0001,CARITAS NURSERY SCHOOL - KENNEDY TOWN,明愛堅尼地城幼兒學校,N,Y,Y,17/03/2026
CENTRAL AND WESTERN,564648-0001,CHIU YANG KINDERGARTEN,潮陽幼稚園,Y,Y,Y,17/03/2026
CENTRAL AND WESTERN,564850-0001,ELCHK  AMAZING GRACE NURSERY SCHOOL,基督教香港信義會基恩幼兒學校,Y,Y,Y,17/03/2026
CENTRAL AND WESTERN,565253-0001,HKSPC THOMAS TAM NURSERY SCHOOL,香港保護兒童會譚雅士幼兒學校,Y,N,Y,17/03/2026
CENTRAL AND WESTERN,564435-0001,HKYWCA TAI HON FAN NURSERY SCHOOL,香港基督教女青年會戴翰芬幼兒學校,Y,Y,Y,17/03/2026
CENTRAL AND WESTERN,536911-0001,HONG KONG TRUE LIGHT KG (CAINE ROAD),香港真光幼稚園（堅道）,P,Y,Y,17/03/2026
CENTRAL AND WESTERN,512273-0002,KAU YAN SCHOOL,救恩學校,N,N,N,17/03/2026
CENTRAL AND WESTERN,513423-0001,RHENISH MISSION SCHOOL,禮賢會學校,Y,Y,Y,17/03/2026
CENTRAL AND WESTERN,325970-0001,SACRED HEART CANOSSIAN KINDERGARTEN,嘉諾撒聖心幼稚園,N,N,N,17/03/2026
CENTRAL AND WESTERN,564354-0001,SJS BELCHER KG,聖雅各福群會寶翠園幼稚園,N,N,N,17/03/2026
CENTRAL AND WESTERN,213632-0002,ST ANTHONY'S ANGLO-CHINESE PRI SCH & KG,聖安多尼中英文小學暨幼稚園,Y,Y,Y,17/03/2026
CENTRAL AND WESTERN,210021-0001,ST CLARE'S PRIMARY SCHOOL,聖嘉勒小學,Y,Y,Y,17/03/2026
CENTRAL AND WESTERN,319813-0001,ST MATTHEW'S CHURCH KINDERGARTEN,聖馬太堂幼稚園,Y,Y,Y,17/03/2026
CENTRAL AND WESTERN,131466-0001,ST PAUL'S CHURCH KINDERGARTEN,聖保羅堂幼稚園,P,P,P,17/03/2026
CENTRAL AND WESTERN,131440-0001,ST STEPHEN'S CHURCH PRI SCH & KG,聖士提反堂小學暨幼稚園,Y,Y,Y,17/03/2026
CENTRAL AND WESTERN,132896-0001,ST STEPHEN'S GIRLS' COLLEGE KINDERGARTEN,聖士提反女子中學附屬幼稚園,N,N,N,17/03/2026
CENTRAL AND WESTERN,552739-0002,SUN ISLAND ENGLISH KG (SAI YING PUN BR.),太陽島英文幼稚園（西營盤分校）,Y,Y,Y,17/03/2026
CENTRAL AND WESTERN,214248-0001,WISELY KINDERGARTEN,偉思幼稚園,Y,Y,Y,17/03/2026
CENTRAL AND WESTERN,590673-0001,WITTY KINDERGARTEN,盈思幼稚園,Y,Y,Y,17/03/2026
CENTRAL AND WESTERN,563692-0001,WOMEN'S WELFARE CLUB W-DIST HK KG,香港西區婦女福利會幼稚園,Y,Y,Y,17/03/2026
CENTRAL AND WESTERN,565440-0001,YAN CHAI HOSPITAL FONG KONG FAI KG,仁濟醫院方江輝幼稚園,Y,N,N,17/03/2026
CENTRAL AND WESTERN,563439-0001,YAN CHAI HOSPITAL KWOK CHI LEUNG KG,仁濟醫院郭子樑幼稚園,Y,Y,Y,17/03/2026
WAN CHAI,563447-0001,BGCAHK CHEERLAND KINDERGARTEN (WANCHAI),香港小童群益會樂緻幼稚園（灣仔）,P,P,P,17/03/2026
WAN CHAI,133280-0001,CCC WANCHAI CHURCH KINDERGARTEN,中華基督教會灣仔堂幼稚園,Y,Y,Y,17/03/2026
WAN CHAI,133744-0001,HONG KONG LING LIANG CHURCH KG,香港靈糧堂幼稚園,Y,Y,Y,17/03/2026
WAN CHAI,323853-0002,KHALSA DIWAN KINDERGARTEN,卡莎迪曼幼稚園,Y,Y,Y,17/03/2026
WAN CHAI,518247-0001,MUSLIM COMMUNITY KINDERGARTEN,穆斯林幼稚園,Y,Y,Y,17/03/2026
WAN CHAI,324922-0001,OI KWAN RD BAPT CH LUI KWOK PAT FONG KG,愛群道浸信會呂郭碧鳳幼稚園,Y,Y,Y,17/03/2026
WAN CHAI,563641-0001,PLK CHU LEE YUET WAH KINDERGARTEN,保良局朱李月華幼稚園,N,N,N,17/03/2026
WAN CHAI,323896-0001,PLK VICWOOD CHONG KEE TING KINDERGARTEN,保良局莊啓程幼稚園,N,Y,N,17/03/2026
WAN CHAI,133019-0001,PRECIOUS BLOOD KINDERGARTEN,寶血幼稚園,Y,Y,Y,17/03/2026
WAN CHAI,564346-0001,SJS CAUSEWAY BAY KG,聖雅各福群會銅鑼灣幼稚園,N,Y,Y,17/03/2026
WAN CHAI,564338-0003,SJS KATHLEEN MCDOUALL KG,聖雅各福群會麥潔蓮幼稚園,Y,Y,Y,17/03/2026
WAN CHAI,569712-0001,SKH ST CHRISTOPHER'S NURSERY(WAN CHAI),聖公會聖基道幼兒園（灣仔）,Y,Y,Y,17/03/2026
WAN CHAI,325368-0001,ST MARGARET MARY'S CATHOLIC KINDERGARTEN,天主教聖瑪加利大幼稚園,N,N,N,17/03/2026
WAN CHAI,614920-0001,TWGHS MR. & MRS.LEE YIN YEE NURSERY SCH,東華三院李賢義伉儷幼兒園,P,P,P,17/03/2026
EASTERN,311910-0001,BAPTIST PUI LI SCHOOL,浸信會培理學校,Y,Y,Y,17/03/2026
EASTERN,566101-0001,BO BO NURSERY SCHOOL,寶寶幼兒學校,N,N,N,17/03/2026
EASTERN,216135-0001,C&MA SCHOLARS' ANGLO-CHINESE KG,宣道會上書房中英文幼稚園,Y,Y,Y,17/03/2026
EASTERN,325996-0001,CANNAN KINDERGARTEN (SIU SAI WAN),迦南幼稚園（小西灣）,Y,Y,Y,17/03/2026
EASTERN,566039-0001,CARITAS LIONS CLUB HK(PACIFIC) NUR SCH,明愛香港太平洋獅子會幼兒學校,P,P,P,17/03/2026
EASTERN,566152-0001,CCC CHAI WAN CHURCH DN,中華基督教會柴灣堂幼兒園,Y,Y,Y,17/03/2026
EASTERN,215830-0001,CREATIVE KINDERGARTEN (HENG FA CHUEN),啓思幼稚園﹝杏花邨﹞,P,P,P,17/03/2026
EASTERN,325597-0001,CWBC PRE-SCH EDUCATON LUI MING CHOI KG,柴灣浸信會學前教育中心呂明才幼稚園,Y,Y,Y,17/03/2026
EASTERN,324230-0001,DOMINIC SAVIO KINDERGARTEN,明我幼稚園,Y,N,N,17/03/2026
EASTERN,324230-0002,DOMINIC SAVIO KINDERGARTEN,明我幼稚園,Y,Y,Y,17/03/2026
EASTERN,564800-0001,ELCHK  HING WAH NURSERY SCHOOL,基督教香港信義會興華幼兒學校,P,P,P,17/03/2026
EASTERN,564583-0001,"ELCHK, HING MAN NURSERY SCHOOL",基督教香港信義會興民幼兒學校,Y,Y,Y,17/03/2026
EASTERN,325619-0001,ENDEAVOURERS CHAN CHENG KIT WAN KG,勵志會陳鄭潔雲幼稚園,Y,Y,Y,17/03/2026
EASTERN,215872-0001,EPOCH ANGLO-CHINESE KINDERGARTEN,怡寶中英文幼稚園,Y,Y,Y,17/03/2026
EASTERN,325899-0001,EPWORTH VILLAGE METHODIST CHURCH KG,循道衛理聯合教會愛華村堂幼稚園,Y,Y,Y,17/03/2026
EASTERN,323969-0002,GRACE BAPTIST KINDERGARTEN,懷恩浸信會幼稚園,Y,Y,Y,17/03/2026
EASTERN,565830-0001,HENG FA CHUEN LUTHERAN DAY NURSERY,路德會杏花邨幼兒園,Y,Y,Y,17/03/2026
EASTERN,563897-0001,HK & KKWA TING YUK CHEE KINDERGARTEN,港九街坊婦女會丁毓珠幼稚園,Y,Y,Y,17/03/2026
EASTERN,563889-0001,HK & KKWA WAN TSUI KINDERGARTEN,港九街坊婦女會環翠幼稚園,Y,Y,Y,17/03/2026
EASTERN,563331-0001,HKFYG CHING LOK KINDERGARTEN,香港青年協會青樂幼稚園,Y,Y,Y,17/03/2026
EASTERN,325163-0001,HOP YAT CHURCH CHAN PAK WANG MEMORIAL KG,合一堂陳伯宏紀念幼稚園,Y,Y,Y,17/03/2026
EASTERN,215848-0001,KORNHILL CHRISTIAN ANGLO-CHINESE KG,基督教康山中英文幼稚園,Y,P,Y,17/03/2026
EASTERN,589144-0001,LINGNAN KINDERGARTEN (SIU SAI WAN),嶺南幼稚園（小西灣）,N,Y,Y,17/03/2026
EASTERN,610534-0001,LINGNAN NO.2 KINDERGARTEN (SIU SAI WAN),嶺南幼稚園（小西灣）二校,Y,N,N,17/03/2026
EASTERN,325589-0001,NEW JADE ELEMENTI KINDERGARTEN,新翠培元幼稚園,Y,Y,Y,17/03/2026
EASTERN,314684-0001,NORTH POINT METHODIST CHURCH KG,北角衞理堂幼稚園,Y,Y,Y,17/03/2026
EASTERN,567345-0001,PO LEUNG KUK WAI YIN KG,保良局慧妍雅集幼稚園,P,N,N,17/03/2026
EASTERN,215538-0001,RAIMONDI COLLEGE KINDERGARTEN SECTION,高主教書院幼稚園部,N,Y,Y,17/03/2026
EASTERN,563161-0001,SA NORTH POINT NURSERY SCHOOL,救世軍北角幼兒學校,Y,Y,N,17/03/2026
EASTERN,516910-0001,SHAUKIWAN KF WEL CMY CTR CKT MEM KG,筲箕灣街坊福利會張錦添紀念幼稚園,Y,Y,Y,17/03/2026
EASTERN,566420-0001,SHAUKIWAN TSUNG TSIN NURSERY SCH,筲箕灣崇真幼兒學校,Y,Y,Y,17/03/2026
EASTERN,542199-0001,SPRING VIEW KINDERGARTEN,欣苗幼稚園,Y,Y,Y,17/03/2026
EASTERN,215740-0001,ST ANNA ANGLO-CHINESE KINDERGARTEN,聖安娜中英文幼稚園,Y,N,N,17/03/2026
EASTERN,325457-0001,ST DOMINIC ANGLO-CHINESE KINDERGARTEN,聖道明中英文幼稚園,Y,Y,Y,17/03/2026
EASTERN,536040-0001,ST JAMES LUTHERAN K/G,路德會聖雅各幼稚園,Y,Y,Y,17/03/2026
EASTERN,315435-0001,ST PETER'S CHURCH KINDERGARTEN,北角聖彼得堂幼稚園,Y,Y,Y,17/03/2026
EASTERN,324094-0001,STAR OF THE SEA CATHOLIC KINDERGARTEN,天主教海星幼稚園,Y,Y,Y,17/03/2026
EASTERN,564745-0001,THE HONG KONG CHINESE WOMEN'S CLUB KG,香港中國婦女會幼稚園,Y,Y,Y,17/03/2026
EASTERN,564095-0001,TWGHS CHIAP HUA CHENG'S NURSERY SCHOOL,東華三院捷和鄭氏幼兒園,P,P,P,17/03/2026
EASTERN,564133-0001,TWGHS FONG SHU CHUEN NURSERY SCHOOL,東華三院方樹泉幼兒園,P,P,P,17/03/2026
EASTERN,564222-0001,WWC (EASTERN DIST) NURSERY HK,香港東區婦女福利會幼兒園,Y,Y,Y,17/03/2026
EASTERN,564230-0001,WWC(ED)HK LAI KWAI TIM DAY NURSERY,香港東區婦女福利會黎桂添幼兒園,Y,N,N,17/03/2026
EASTERN,326011-0001,YIU TUNG BAPTIST KINDERGARTEN,耀東浸信會幼稚園,Y,Y,Y,17/03/2026
EASTERN,316660-0001,ZION LUTHERAN KINDERGARTEN,路德會錫安堂幼稚園,Y,Y,Y,17/03/2026
SOUTHERN,523089-0001,ABERDEEN BAPTIST CHURCH PAK KWONG KG,香港仔浸信會白光幼稚園,Y,Y,Y,17/03/2026
SOUTHERN,565865-0001,C & MA LEI TUNG NURSERY SCH,基督教宣道會利東幼兒學校,Y,Y,Y,17/03/2026
SOUTHERN,565849-0001,C & MA SOUTH HORIZONS NUR SCH,基督教宣道會海怡幼兒學校,Y,Y,Y,17/03/2026
SOUTHERN,560090-0001,CREATIVE KINDERGARTEN (SHAM WAN TOWERS),啓思幼稚園（深灣軒）,Y,Y,Y,17/03/2026
SOUTHERN,325570-0001,HK HARBOUR MISSION CHURCH YAN OI KG,基督教海面傳道會仁愛幼稚園,Y,Y,Y,17/03/2026
SOUTHERN,324850-0001,HO YAN KG (SPONSORED BY SIK SIK YUEN),嗇色園主辦可仁幼稚園,Y,Y,Y,17/03/2026
SOUTHERN,565750-0001,LEI TUNG LUTHERAN DAY NURSERY,路德會利東幼兒園,Y,Y,Y,17/03/2026
SOUTHERN,563773-0001,PLK MRS VICWOOD K T CHONG (WAH KWAI) KG,保良局莊啓程夫人（華貴）幼稚園,Y,Y,Y,17/03/2026
SOUTHERN,563145-0001,SA WAH FU NURSERY SCH,救世軍華富幼兒學校,Y,Y,Y,17/03/2026
SOUTHERN,216038-0001,ST MONICA'S AC KG (WAH KWAI ESTATE),聖文嘉中英文幼稚園（華貴邨）,Y,Y,Y,17/03/2026
SOUTHERN,215899-0001,ST MONICA'S ANGLO-CHINESE KINDERGARTEN,聖文嘉中英文幼稚園,Y,Y,Y,17/03/2026
SOUTHERN,312134-0002,ST PETER'S CATHOLIC KG,天主教聖伯多祿幼稚園,Y,Y,Y,17/03/2026
SOUTHERN,326003-0001,ST PETER'S CHURCH KINDERGARTEN (STANLEY),聖公會聖彼得堂幼稚園（赤柱分校）,Y,Y,Y,17/03/2026
SOUTHERN,313637-0001,ST TERESA'S KINDERGARTEN,聖德蘭幼稚園,Y,Y,Y,17/03/2026
SOUTHERN,565644-0001,TIN WAN METHODIST KINDERGARTEN,循道衛理田灣幼稚園,Y,Y,Y,17/03/2026
SOUTHERN,564184-0001,TWGHS  SHIU WONG LEE MOON FOOK N SCH,東華三院蕭旺李滿福幼兒園,N,Y,Y,17/03/2026
SOUTHERN,528161-0001,TWGHS TIN WAN (1996 - 1997 DIRECTORS) KG,東華三院田灣（一九九六至一九九七總理）幼稚園,Y,Y,Y,17/03/2026
SOUTHERN,563714-0001,WWCWDHK AP LEI CHAU KG,香港西區婦女福利會鴨脷洲邨幼稚園,P,P,P,17/03/2026
YAU TSIM MONG,531898-0001,CANNAN KINDERGARTEN (CHARMING GARDEN),迦南幼稚園（富榮花園）,Y,Y,Y,17/03/2026
YAU TSIM MONG,547069-0001,CCC MONGKOK CHURCH JEANNETTE KG,中華基督教會望覺堂賢貞幼稚園,Y,Y,Y,17/03/2026
YAU TSIM MONG,616281-0001,CLEMENT KINDERGARTEN,啟文幼稚園,Y,Y,Y,17/03/2026
YAU TSIM MONG,533858-0001,DOMINIC SAVIO KG (OLYMPIC BR),明我幼稚園（奧運校）,P,P,P,17/03/2026
YAU TSIM MONG,566969-0001,HEEP HONG  SOCIETY HEALTHY KIDS NUR SCH,協康會康苗幼兒園,N,N,N,17/03/2026
YAU TSIM MONG,565423-0001,HKCS CENTRAL NURSERY SCHOOL,香港基督教服務處雋匯幼兒學校,N,N,N,17/03/2026
YAU TSIM MONG,563323-0001,HKFYG CHING LOK KINDERGARTEN (YAUMATEI),香港青年協會青樂幼稚園（油麻地）,Y,Y,Y,17/03/2026
YAU TSIM MONG,565067-0001,HKSPC BOC NURSERY SCHOOL,香港保護兒童會中銀幼兒學校,Y,Y,Y,17/03/2026
YAU TSIM MONG,564931-0001,HKSPC HK BANK FOUNDATION NURSERY SCHOOL,香港保護兒童會滙豐銀行慈善基金幼兒學校,Y,Y,Y,17/03/2026
YAU TSIM MONG,565091-0001,HKSPC PARK'N SHOP STAFF C FUND NURS SCH,香港保護兒童會百佳員工慈善基金幼兒學校,Y,Y,Y,17/03/2026
YAU TSIM MONG,565300-0001,HKSPC PORTLAND STREET NURSERY SCHOOL,香港保護兒童會砵蘭街幼兒學校,P,P,P,17/03/2026
YAU TSIM MONG,624195-0001,IBEL R & P S CHARITABLE FOUNDATION KG,匯成勞士施羅孚伉儷慈善基金幼稚園,Y,Y,Y,17/03/2026
YAU TSIM MONG,558346-0003,LITTLE BUDS KINDERGARTEN,,Y,Y,Y,17/03/2026
YAU TSIM MONG,516929-0001,MONG KOK AGNES ENGLISH KINDERGARTEN,旺角雅麗斯英文幼稚園,Y,Y,Y,17/03/2026
YAU TSIM MONG,563820-0001,PO LEUNG KUK LUI KAM TAI KINDERGARTEN,保良局呂錦泰幼稚園,P,N,N,17/03/2026
YAU TSIM MONG,565474-0001,PROSPEROUS GARDEN BAPTIST NURSERY SCHOOL,駿發花園浸信會幼兒學校,Y,Y,Y,17/03/2026
YAU TSIM MONG,566535-0001,SA CATHERINE BOOTH NURSERY SCH,救世軍卜凱賽琳幼兒學校,Y,Y,Y,17/03/2026
YAU TSIM MONG,325198-0001,SA CHAN KWAN TUNG KINDERGARTEN,救世軍陳昆棟幼稚園,P,P,N,17/03/2026
YAU TSIM MONG,562939-0001,SA HOI FU NURSERY SCH,救世軍海富幼兒學校,Y,N,N,17/03/2026
YAU TSIM MONG,562955-0001,SA LAI CHI KOK NURSERY SCH,救世軍荔枝角幼兒學校,Y,Y,Y,17/03/2026
YAU TSIM MONG,216070-0001,SEMPLE KINDERGARTEN,深培中英文幼稚園,Y,Y,Y,17/03/2026
YAU TSIM MONG,622869-0001,SMART KIDS ANGLO-CHINESE KINDERGARTEN,卓爾中英文幼稚園,Y,Y,Y,17/03/2026
YAU TSIM MONG,555436-0001,SUN ISLAND KG (METRO HARBOUR BRAN),太陽島幼稚園（港灣豪庭分校）,Y,Y,Y,17/03/2026
YAU TSIM MONG,133582-0001,TAK SUN KINDERGARTEN,德信幼稚園,Y,Y,Y,17/03/2026
YAU TSIM MONG,564249-0001,YAN OI TONG CHAN CHENG YUK YEE KG,仁愛堂陳鄭玉而幼稚園,Y,Y,Y,17/03/2026
YAU TSIM MONG,565024-0001,YAUMATEI YANG MEMORIAL METHODIST PRE-SCH,油麻地循道衛理楊震幼兒學校,Y,Y,Y,17/03/2026
SHAM SHUI PO,565563-0001,BAPT OK SOCIAL SERV PUI YAN PRE-PRI SCH,浸信會愛羣社會服務處培殷幼兒學校,P,P,P,17/03/2026
SHAM SHUI PO,324787-0001,BUDDHIST TSANG KOR SING ANGLO-CHINESE KG,佛教曾果成中英文幼稚園,Y,Y,Y,17/03/2026
SHAM SHUI PO,132152-0001,CCC HEEP WOH KINDERGARTEN,中華基督教會協和幼稚園,Y,Y,Y,17/03/2026
SHAM SHUI PO,324795-0001,CCC KEI CHUN KINDERGARTEN,中華基督教會基真幼稚園,Y,Y,Y,17/03/2026
SHAM SHUI PO,319511-0001,CCC SHUM OI CHURCH KINDERGARTEN,中華基督教會深愛堂幼稚園,Y,Y,Y,17/03/2026
SHAM SHUI PO,532550-0001,CHE LOK KINDERGARTEN,智樂幼稚園,Y,N,N,17/03/2026
SHAM SHUI PO,532550-0002,CHE LOK KINDERGARTEN,智樂幼稚園,N,N,N,17/03/2026
SHAM SHUI PO,532800-0001,CHRISTIANALLIANCE LOUEY CHOY KWAN LOK KG,宣道會雷蔡群樂幼稚園,Y,Y,Y,17/03/2026
SHAM SHUI PO,620149-0001,CSW KFWA LAM TAM YIN WAH KG(LAI TSUI CT),長沙灣街坊福利會林譚燕華幼稚園（麗翠苑）,P,P,P,17/03/2026
SHAM SHUI PO,216208-0001,DELIA ENGLISH PRIMARY SCHOOL & KG,地利亞英文小學暨幼稚園,N,N,N,17/03/2026
SHAM SHUI PO,216208-0002,DELIA ENGLISH PRIMARY SCHOOL & KG,地利亞英文小學暨幼稚園,Y,Y,Y,17/03/2026
SHAM SHUI PO,325635-0001,EVANGELICAL LU CH OF HK NAM CHEONG KG,基督教香港信義會南昌幼稚園,Y,Y,Y,17/03/2026
SHAM SHUI PO,618527-0001,GUIDEPOSTS KINDERGARTEN (NAM CHEONG BRAN,佳寶幼稚園（南昌分校）,Y,Y,Y,17/03/2026
SHAM SHUI PO,564729-0001,HK SHENG KUNG HUI KEI OI NURSERY SCHOOL,香港聖公會基愛幼兒學校,Y,Y,Y,17/03/2026
SHAM SHUI PO,565407-0001,HKCS LEI CHENG UK NURSERY SCHOOL,香港基督教服務處李鄭屋幼兒學校,Y,Y,Y,17/03/2026
SHAM SHUI PO,566705-0001,HKCS SHEK KIP MEI NURSERY SCHOOL,香港基督教服務處石硤尾幼兒學校,Y,Y,Y,17/03/2026
SHAM SHUI PO,565393-0001,HKCS TAI HANG TUNG NURSERY SCHOOL,香港基督教服務處大坑東幼兒學校,Y,Y,N,17/03/2026
SHAM SHUI PO,601861-0001,HKLLC SAU TAK KG(CAMPUS 2),香港靈糧堂秀德幼稚園（二校）,N,P,P,17/03/2026
SHAM SHUI PO,564478-0001,HKSPC CHEUNG SHA WAN NURSERY SCHOOL,香港保護兒童會長沙灣幼兒學校,Y,Y,Y,17/03/2026
SHAM SHUI PO,325953-0001,HKYWCA ATHENA KINDERGARTEN,香港基督教女青年會宏恩幼稚園,Y,Y,Y,17/03/2026
SHAM SHUI PO,564516-0001,HKYWCA CHIU OI WAH NURSERY SCHOOL,香港基督教女青年會趙靄華幼兒學校,P,P,P,17/03/2026
SHAM SHUI PO,564443-0001,HKYWCA SHIU PONG NURSERY SCHOOL,香港基督教女青年會紹邦幼兒學校,Y,Y,Y,17/03/2026
SHAM SHUI PO,596787-0001,HONG KONG LING LIANG CHURCH SAU TAK KG,香港靈糧堂秀德幼稚園,N,N,P,17/03/2026
SHAM SHUI PO,623580-0001,LOK SIN TONG TUNG CHING BOR KINDERGARTEN,樂善堂董清波幼稚園,Y,Y,Y,17/03/2026
SHAM SHUI PO,323080-0001,N.M.S. LUTHERAN KINDERGARTEN,基督教挪威差會主辦信義中英文幼稚園,Y,Y,Y,17/03/2026
SHAM SHUI PO,566560-0001,PENTECOSTAL CHURCH OF HK NAM CHEONG NS,竹園區神召會南昌康樂幼兒學校,Y,Y,Y,17/03/2026
SHAM SHUI PO,596116-0001,PLK ANGELA LEONG ON KEI KG,保良局梁安琪幼稚園,Y,Y,N,17/03/2026
SHAM SHUI PO,548723-0001,PLK LAU CHAN SIU PO KINDERGARTEN,保良局劉陳小寶幼稚園,Y,Y,Y,17/03/2026
SHAM SHUI PO,564044-0001,PRECIOUS BLOOD KG (SHAM SHUI PO),寶血幼稚園（深水埗）,Y,Y,Y,17/03/2026
SHAM SHUI PO,563170-0001,SA PAK TIN NURSERY SCH,救世軍白田幼兒學校,Y,N,N,17/03/2026
SHAM SHUI PO,317403-0002,SHAM SHUI PO BAPTIST CHURCH KINDERGARTEN,深水埗浸信會幼稚園,Y,Y,Y,17/03/2026
SHAM SHUI PO,325830-0001,SHAM SHUI PO TAK SHIN KINDERGARTEN,深水埗德善幼稚園,Y,Y,Y,17/03/2026
SHAM SHUI PO,325252-0001,SKH SHAM SHUI PO KEI OI CHURCH KG,聖公會深水埗基愛堂幼稚園,Y,Y,Y,17/03/2026
SHAM SHUI PO,323357-0001,ST THOMAS' CHURCH KINDERGARTEN,聖多馬堂幼稚園,Y,Y,Y,17/03/2026
SHAM SHUI PO,323683-0001,SUEN MEI KINDERGARTEN,宣美幼稚園,Y,Y,Y,17/03/2026
SHAM SHUI PO,325511-0002,TACK CHING KINDERGARTEN,德貞幼稚園,Y,Y,Y,17/03/2026
SHAM SHUI PO,615641-0001,THE SALVATION ARMY SO UK KINDERGARTEN,救世軍蘇屋幼稚園,Y,Y,Y,17/03/2026
SHAM SHUI PO,536482-0001,TSUNG TSIN MISSION PAK TIN GRACEFUL KG,崇真會白田美善幼稚園,Y,Y,Y,17/03/2026
SHAM SHUI PO,514659-0001,TSUNG TSIN PRIMARY SCHOOL AND KG,崇真小學暨幼稚園,P,N,N,17/03/2026
SHAM SHUI PO,613169-0001,TTMHK ON HONG NURSERY SCHOOL (SHUN NING),基督教香港崇真會安康幼兒學校（順寧道）,Y,Y,Y,17/03/2026
SHAM SHUI PO,615315-0001,TWGHS MR. & MRS. TAM  KAM KAU KG,東華三院譚錦球伉儷幼稚園,Y,Y,Y,17/03/2026
SHAM SHUI PO,324264-0004,WESTERN PACIFIC KINDERGARTEN,西太平洋幼稚園,Y,Y,Y,17/03/2026
SHAM SHUI PO,567051-0001,YAN OI TONG PONG LO SHUK YIN KG,仁愛堂龐盧淑燕幼稚園,P,P,P,17/03/2026
SHAM SHUI PO,133850-0001,YAU YAT CHUEN SCHOOL,又一村學校,Y,Y,Y,17/03/2026
KOWLOON CITY,133787-0001,AMOY COLLEGE,閩光書院,Y,Y,Y,17/03/2026
KOWLOON CITY,600890-0001,BUDDHIST MR. & MRS. CHAN CHART MAN KG,佛教陳策文伉儷幼稚園,P,P,P,17/03/2026
KOWLOON CITY,531910-0001,CANNAN KINDERGARTEN (KOWLOON TONG),迦南幼稚園（九龍塘）,P,Y,N,17/03/2026
KOWLOON CITY,565130-0001,CANNAN KINDERGARTEN (WATERLOO ROAD),迦南幼稚園（窩打老道）,P,P,P,17/03/2026
KOWLOON CITY,575518-0001,CANNAN KINDERGARTEN (WHAMPOA GARDEN),迦南幼稚園（黃埔花園）,Y,Y,Y,17/03/2026
KOWLOON CITY,315907-0001,CHRISTIAN YOUTH CENTRE KINDERGARTEN,基督教中心幼稚園,Y,Y,Y,17/03/2026
KOWLOON CITY,323926-0001,CREATIVE KINDERGARTEN,啓思幼稚園,Y,Y,Y,17/03/2026
KOWLOON CITY,564567-0001,"ELCHK, MA TAU WAI NURSERY SCHOOL",基督教香港信義會馬頭圍幼兒學校,Y,Y,Y,17/03/2026
KOWLOON CITY,133779-0001,FIRST ASSEMBLY OF GOD KG,神召第一幼稚園,Y,Y,Y,17/03/2026
KOWLOON CITY,132870-0001,HEEP YUNN SCHOOL PRIVATE KINDERGARTEN,協恩中學附屬幼稚園,N,N,N,17/03/2026
KOWLOON CITY,565229-0001,HKSPC MA TAU CHUNG NURSERY SCHOOL,香港保護兒童會馬頭涌幼兒學校,Y,Y,Y,17/03/2026
KOWLOON CITY,565288-0001,HKSPC SIA WHAMPOA NURSERY SCHOOL,香港保護兒童會新航黃埔幼兒學校,Y,Y,Y,17/03/2026
KOWLOON CITY,616001-0001,HKVNS ALUMNI ASSOCIATION KG (KCC),漢師幼稚園（龍總）,Y,Y,Y,17/03/2026
KOWLOON CITY,564869-0001,HO OI DAY NURSERY (SIK SIK YUEN),嗇色園主辦可愛幼兒園,Y,Y,Y,17/03/2026
KOWLOON CITY,325180-0001,HOLY TRINITY CENTRE KINDERGARTEN,聖三一中心幼稚園,N,N,Y,17/03/2026
KOWLOON CITY,536024-0001,HOMANTIN BAPTIST CHURCH KINDERGARTEN,何文田浸信會幼稚園,Y,Y,Y,17/03/2026
KOWLOON CITY,565016-0001,HOMANTIN YANG MEMORIAL METHODIST PRE-SCH,何文田循道衛理楊震幼兒學校,Y,Y,Y,17/03/2026
KOWLOON CITY,325856-0001,HONG KONG SOKA KINDERGARTEN,香港創價幼稚園,N,N,N,17/03/2026
KOWLOON CITY,617741-0001,IMPERIAL CHILDREN KINDERGARTEN,茵晴幼稚園,Y,Y,Y,17/03/2026
KOWLOON CITY,324930-0002,KOWLOON CANNAN ANGLO-CHINESE KG,九龍迦南中英文幼稚園,Y,Y,Y,17/03/2026
KOWLOON CITY,324078-0001,KOWLOON CITY BAPTIST CHURCH KINDERGARTEN,九龍城浸信會幼稚園,Y,Y,Y,17/03/2026
KOWLOON CITY,564524-0001,KOWLOON LING LIANG CHURCH DAY NURSERY,九龍靈糧堂幼兒園,P,P,P,17/03/2026
KOWLOON CITY,324680-0001,KOWLOON LING LIANG CHURCH KINDERGARTEN,九龍靈糧堂幼稚園,Y,Y,Y,17/03/2026
KOWLOON CITY,565695-0001,MARTHA BOSS LUTHERAN DAY NURSERY,路德會包美達幼兒園,N,Y,Y,17/03/2026
KOWLOON CITY,325040-0001,MAY NGA KINDERGARTEN,美雅幼稚園,Y,P,P,17/03/2026
KOWLOON CITY,325775-0001,MAY NGA KINDERGARTEN (BRANCH),美雅幼稚園（分校）,Y,Y,Y,17/03/2026
KOWLOON CITY,565687-0001,MAY NGA NURSERY,美雅幼兒園,P,N,N,17/03/2026
KOWLOON CITY,566691-0001,PLK CHAN LAI WAI LIN KINDERGARTEN,保良局陳黎惠蓮幼稚園,Y,Y,Y,17/03/2026
KOWLOON CITY,563927-0001,PLK LAM TING LAI LING KINDERGARTEN,保良局林丁麗玲幼稚園,P,P,P,17/03/2026
KOWLOON CITY,325988-0001,PLK LI TSUI CHUNG SING MEMORIAL KG,保良局李徐松聲紀念幼稚園,Y,Y,Y,17/03/2026
KOWLOON CITY,539104-0001,PLK TAM AU-YEUNG SIU FONG MEMORIAL KG,保良局譚歐陽少芳紀念幼稚園,P,P,P,17/03/2026
KOWLOON CITY,563803-0001,PO LEUNG KUK LUI CHAN WAI CHING KG,保良局呂陳慧貞幼稚園,Y,Y,Y,17/03/2026
KOWLOON CITY,564001-0001,POK OI HOSPITAL MRS. YAM WING YIN KG,博愛醫院任永賢夫人幼稚園,N,N,N,17/03/2026
KOWLOON CITY,324477-0001,POOI TO PRIMARY SCHOOL,香港培道小學,N,N,N,17/03/2026
KOWLOON CITY,563064-0001,SA LOK MAN NURSERY SCH,救世軍樂民幼兒學校,Y,Y,Y,17/03/2026
KOWLOON CITY,325600-0001,SKH HOLY TRINITY CH TSANG SHIU TIM KG,聖公會聖三一堂曾肇添幼稚園,Y,Y,Y,17/03/2026
KOWLOON CITY,324647-0001,ST MARK'S CHURCH BRADBURY KINDERGARTEN,聖馬可堂白普理幼稚園,P,P,P,17/03/2026
KOWLOON CITY,537349-0001,ST MONICA'S KINDERGARTEN,聖文嘉幼稚園,Y,Y,Y,17/03/2026
KOWLOON CITY,312479-0001,ST ROSE OF LIMA'S KINDERGARTEN,聖羅撒幼稚園,P,P,Y,17/03/2026
KOWLOON CITY,523526-0002,SUN ISLAND ENGLISH KG (LOK MAN),太陽島英文幼稚園﹝樂民﹞,Y,Y,Y,17/03/2026
KOWLOON CITY,215678-0001,SUN ISLAND ENGLISH KINDERGARTEN,太陽島英文幼稚園,Y,Y,Y,17/03/2026
KOWLOON CITY,563781-0001,TSUNG TSIN MISSION OF HK ON KEI NUR SCH,基督教香港崇真會安基幼兒學校,Y,Y,Y,17/03/2026
KOWLOON CITY,563579-0001,TWGHS LO WONG PIK SHAN NURSERY SCH,東華三院羅黃碧珊幼兒園,Y,Y,Y,17/03/2026
KOWLOON CITY,610771-0001,WILLIAM (SMART) KINDERGARTEN (WHAMPOA),威廉（睿智）幼稚園（黃埔）,Y,Y,Y,17/03/2026
KOWLOON CITY,599700-0001,YMCA OF HK CHRISTIAN KG (KAI CHING),港青基信幼稚園（啟晴）,Y,Y,Y,17/03/2026
KOWLOON CITY,565520-0001,YMCA OF HK CHRISTIAN NUR SCH (FARM ROAD),港青基信幼兒學校（農圃道）,N,N,N,17/03/2026
WONG TAI SIN,316504-0001,A-ONE KINDERGARTEN,第一幼稚園,Y,Y,Y,17/03/2026
WONG TAI SIN,563463-0001,BGCAHK CHEERLAND KG (WONG TAI SIN),香港小童群益會樂緻幼稚園（黃大仙）,Y,Y,Y,17/03/2026
WONG TAI SIN,325678-0001,BUDDHIST FOO HONG KINDERGARTEN,佛教傅康幼稚園,Y,Y,Y,17/03/2026
WONG TAI SIN,565873-0001,C & MA FU SHAN NURSERY SCH,基督教宣道會富山幼兒學校,Y,Y,Y,17/03/2026
WONG TAI SIN,323268-0001,CHRISTIAN EVANGELICAL CENTRE LOK FU KG,基督教佈道中心樂富幼稚園,Y,Y,Y,17/03/2026
WONG TAI SIN,530379-0001,DIAMOND HILL LING LIANG KINDERGARTEN,鑽石山靈糧幼稚園,Y,Y,Y,17/03/2026
WONG TAI SIN,549169-0001,ECFB CREATIVITY KINDERGARTEN,基督教中國佈道會恩恩創意幼稚園,Y,Y,Y,17/03/2026
WONG TAI SIN,564303-0001,FIVE DIS B W ASSN CHEUNG CHUK SHAN KG,五邑工商總會張祝珊幼稚園,Y,Y,Y,17/03/2026
WONG TAI SIN,564290-0001,FIVE DISTRICTS BUSINESS WELFARE ASSN KG,五邑工商總會幼稚園,Y,Y,Y,17/03/2026
WONG TAI SIN,325880-0001,GRACE METHODIST CHURCH KINDERGARTEN,循道衛理聯合教會主恩堂幼稚園,Y,Y,Y,17/03/2026
WONG TAI SIN,538132-0001,GRACEFIELD EAST KOWLOON CHRISTIAN KG,基督教恩苗東九龍幼稚園,N,N,N,17/03/2026
WONG TAI SIN,325090-0001,HK AND MACAU LUTHERAN CH SHEK ON MEM KG,港澳信義會錫安紀念幼稚園,Y,Y,Y,17/03/2026
WONG TAI SIN,325716-0001,HKTA YUEN YUEN KG (TUNG TAU ESTATE),香港道教聯合會圓玄幼稚園（東頭邨）,Y,Y,Y,17/03/2026
WONG TAI SIN,564451-0001,HKYWCA CHOI WAN NURSERY SCHOOL,香港基督教女青年會彩雲幼兒學校,N,N,N,17/03/2026
WONG TAI SIN,565504-0001,HKYWCA FAITH HOPE NURSERY SCHOOL,香港基督教女青年會信望幼兒學校,Y,Y,Y,17/03/2026
WONG TAI SIN,523429-0001,HO LAP KG (SPONSORED BY SIK SIK YUEN),嗇色園主辦可立幼稚園,P,P,P,17/03/2026
WONG TAI SIN,325643-0001,HO TAK KG (SPONSORED BY SIK SIK YUEN),嗇色園主辦可德幼稚園,Y,Y,Y,17/03/2026
WONG TAI SIN,595144-0001,JONATHAN INNOVATIVE ENGLISH KINDERGARTEN,永樂創新英文幼稚園,Y,Y,Y,17/03/2026
WONG TAI SIN,324833-0001,KAM LAM CATHOLIC KINDERGARTEN,天主教甘霖幼稚園,Y,Y,Y,17/03/2026
WONG TAI SIN,325929-0001,LOK FU RHENISH CHURCH KINDERGARTEN,樂富禮賢會幼稚園,Y,Y,Y,17/03/2026
WONG TAI SIN,564397-0001,LOK FU RHENISH NURSERY,禮賢會樂富幼兒園,N,N,N,17/03/2026
WONG TAI SIN,325317-0001,LOK SIN TONG KU LEE KWOK SIN KG,樂善堂顧李覺鮮幼稚園,Y,Y,Y,17/03/2026
WONG TAI SIN,563617-0001,NEW KLN WOMEN ASSN TSZ WAN SHAN NURSERY,新九龍婦女會慈雲山幼兒園,Y,Y,Y,17/03/2026
WONG TAI SIN,528625-0001,OUR LADY'S KINDERGARTEN,聖母幼稚園,Y,Y,Y,17/03/2026
WONG TAI SIN,563943-0001,PLK FONG TAM YUEN LEUNG TSZ WAN SHAN KG,保良局方譚遠良（慈雲山）幼稚園,Y,Y,N,17/03/2026
WONG TAI SIN,325821-0001,PLK KAM HING KINDERGARTEN,保良局金卿幼稚園,Y,Y,Y,17/03/2026
WONG TAI SIN,563919-0001,PLK TSE WONG PUI KUEN KINDERGARTEN,保良局謝黃沛涓幼稚園,Y,Y,Y,17/03/2026
WONG TAI SIN,563811-0001,PO LEUNG KUK WONG SIU CHING KINDERGARTEN,保良局王少清幼稚園,Y,Y,Y,17/03/2026
WONG TAI SIN,321192-0001,REDEMPTION LUTHERAN KINDERGARTEN,路德會救恩幼稚園,Y,Y,Y,17/03/2026
WONG TAI SIN,564400-0001,SAN PO KONG RHENISH NURSERY,禮賢會新蒲崗幼兒園,Y,Y,N,17/03/2026
WONG TAI SIN,523933-0001,SHARON LUTHERAN CHURCH KG (TSZ OI BR),路德會沙崙堂幼稚園（慈愛分校）,Y,Y,Y,17/03/2026
WONG TAI SIN,216259-0001,SHUN SANG ANGLO-CHINESE KINDERGARTEN,信生中英文幼稚園,Y,Y,Y,17/03/2026
WONG TAI SIN,564370-0001,SIS. IMMACULATE HEART OF MARY WTS KG,聖母潔心會黃大仙幼稚園,N,N,N,17/03/2026
WONG TAI SIN,325546-0001,SKH KINDLY LIGHT CHURCH OR PUI CHEUNG KG,聖公會慈光堂柯佩璋幼稚園,Y,Y,Y,17/03/2026
WONG TAI SIN,564060-0001,TSUNG TSIN MISSION OF HK ON KEUNG N SCH,基督教香港崇真會安強幼兒學校,N,N,N,17/03/2026
WONG TAI SIN,542601-0001,TSZ CHING ESTATE BODHI SIKSA KG,慈正邨菩提幼稚園,Y,Y,Y,17/03/2026
WONG TAI SIN,563552-0001,TWGHS FONG SHIU YEE NURSERY SCH,東華三院方肇彝幼兒園,Y,Y,Y,17/03/2026
WONG TAI SIN,564176-0001,TWGHS KWAN FONG NURSERY SCHOOL,東華三院群芳幼兒園,Y,N,N,17/03/2026
WONG TAI SIN,325414-0002,TWGHS WAI CHEUNG CHI MEMORIAL KG,東華三院韋祥智紀念幼稚園,P,P,P,17/03/2026
KWUN TONG,563455-0001,BGCA HK CHEERLAND KG (KOWLOON BAY),香港小童群益會樂緻幼稚園（九龍灣）,Y,Y,Y,17/03/2026
KWUN TONG,565946-0001,BUDDHIST CHI WAI DAY NURSERY,佛教慈慧幼兒園,Y,Y,Y,17/03/2026
KWUN TONG,323497-0001,BUDDHIST KAM LAI KINDERGARTEN,佛教金麗幼稚園,Y,Y,Y,17/03/2026
KWUN TONG,614114-0001,C & M ALLIANCE ON TAI KG,基督教宣道會安泰幼稚園,Y,Y,Y,17/03/2026
KWUN TONG,216054-0001,CANNAN KG (LAGUNA CITY),迦南幼稚園（麗港城）,P,N,P,17/03/2026
KWUN TONG,565962-0001,CARITAS NURSERY SCHOOL - LEI YUE MUN,明愛鯉魚門幼兒學校,Y,Y,Y,17/03/2026
KWUN TONG,566004-0001,CARITAS NURSERY SCHOOL - YAU TONG,明愛油塘幼兒學校,Y,Y,Y,17/03/2026
KWUN TONG,323250-0001,CCC KEI FAAT KINDERGARTEN,中華基督教會基法幼稚園,Y,Y,Y,17/03/2026
KWUN TONG,324809-0001,CCC KEI WA KINDERGARTEN,中華基督教會基華幼稚園,Y,Y,Y,17/03/2026
KWUN TONG,564664-0001,CFSC CHEERLAND KG,基督教家庭服務中心趣樂幼稚園,P,N,N,17/03/2026
KWUN TONG,610291-0001,CFSC YEOH CHOY WAI  HAAN MEMORIAL KG,基督教家庭服務中心楊蔡慧嫻紀念幼稚園,Y,Y,Y,17/03/2026
KWUN TONG,523895-0001,CHAN MUNG YAN LUTHERAN KINDERGARTEN,路德會陳蒙恩幼稚園,Y,Y,Y,17/03/2026
KWUN TONG,325694-0001,CHOI HA ESTATE KIT SAM KINDERGARTEN,天主教彩霞邨潔心幼稚園,Y,Y,Y,17/03/2026
KWUN TONG,523178-0001,CHR ALLIANCE SMP CHEN LEE WING TSING KG,宣道會秀茂坪陳李詠貞幼稚園,Y,Y,Y,17/03/2026
KWUN TONG,564656-0001,CHRISTIAN FAMILY SERVICE CTR TAK TIN KG,基督教家庭服務中心德田幼稚園,Y,Y,Y,17/03/2026
KWUN TONG,325244-0001,CHRISTIAN LITTLE ANGEL KG RICHLAND GDN,基督教小天使（麗晶）幼稚園,Y,Y,Y,17/03/2026
KWUN TONG,577987-0001,CHRISTIAN LITTLE TREE KINDERGARTEN,基督教小樹苗幼稚園,Y,Y,Y,17/03/2026
KWUN TONG,595837-0001,CHRISTIAN YOUTH CENTRE KG (YAU TONG),基督教中心幼稚園（油塘）,Y,Y,Y,17/03/2026
KWUN TONG,522910-0001,CNEC CHRISTIAN KINDERGARTEN,中華傳道會基石幼稚園,Y,Y,Y,17/03/2026
KWUN TONG,566071-0001,CREATIVE DAY NURSERY (SCENEWAY),啓思幼兒園（匯景）,Y,Y,Y,17/03/2026
KWUN TONG,325864-0001,CREATIVE KINDERGARTEN (SCENEWAY GARDEN),啓思幼稚園（匯景花園）,Y,Y,N,17/03/2026
KWUN TONG,564834-0001,ELCHK  LING ON NURSERY SCHOOL,基督教香港信義會靈安幼兒學校,Y,Y,Y,17/03/2026
KWUN TONG,564575-0001,"ELCHK, KAI YIP NURSERY SCHOOL",基督教香港信義會啟業幼兒學校,Y,Y,Y,17/03/2026
KWUN TONG,323055-0001,FUN CREATIVE KG (KWUN TONG BRANCH),歡樂創意幼稚園（觀塘分校）,Y,Y,Y,17/03/2026
KWUN TONG,565369-0001,GARDEN ESTATE BAPTIST NURSERY SCHOOL,花園大廈浸信會幼兒學校,Y,Y,Y,17/03/2026
KWUN TONG,565415-0001,HKCS KWUN TONG NURSERY SCHOOL,香港基督教服務處觀塘幼兒學校,Y,Y,Y,17/03/2026
KWUN TONG,594130-0001,HKFYG KK CHENG KINDERGARTEN,香港青年協會鄭堅固幼稚園,Y,Y,Y,17/03/2026
KWUN TONG,565210-0001,HKSPC MR & MRS THOMAS TAM NURSERY SCHOOL,香港保護兒童會譚雅士伉儷幼兒學校,Y,Y,Y,17/03/2026
KWUN TONG,605662-0001,HONG KONG CHRISTIAN SERVICE PARIO KG,香港基督教服務處雋樂幼稚園,Y,Y,Y,17/03/2026
KWUN TONG,566160-0001,HONG KONG STUDENT AID SOCIETY PO TAT NUR,香港學生輔助會寶達幼兒園,Y,Y,Y,17/03/2026
KWUN TONG,325791-0001,HONG YING ANGLO-CHINESE KINDERGARTEN,康盈中英文幼稚園,Y,Y,Y,17/03/2026
KWUN TONG,550892-0001,JING JING KINDERGARTEN (SHUN LEE BRANCH),晶晶幼稚園（順利分校）,Y,Y,Y,17/03/2026
KWUN TONG,324248-0001,KWUN TONG BAPTIST CHURCH KINDERGARTEN,官塘浸信會幼稚園,Y,Y,Y,17/03/2026
KWUN TONG,319775-0001,KWUN TONG METHODIST KINDERGARTEN,觀塘循道幼稚園,Y,Y,Y,17/03/2026
KWUN TONG,524034-0002,LAM TIN LING LIANG KINDERGARTEN,藍田靈糧幼稚園,N,Y,Y,17/03/2026
KWUN TONG,548278-0002,LEI YUE MUN METHODIST KINDERGARTEN,鯉魚門循道衞理幼稚園,Y,Y,Y,17/03/2026
KWUN TONG,613509-0001,LIGHT AND LOVE HOME HAPPY KG (ON TAI),光愛樂幼稚園（安泰）,Y,Y,Y,17/03/2026
KWUN TONG,546038-0001,LOK SIN TONG MAN NG WING YEE KG,樂善堂文吳泳沂幼稚園,P,P,P,17/03/2026
KWUN TONG,563609-0001,NEW KLN WOMEN ASSN LOK WAH NURSERY,新九龍婦女會樂華幼兒園,Y,Y,Y,17/03/2026
KWUN TONG,550663-0001,PEACE EVANGELICAL CTR KG (NGAU TAU KOK),平安福音堂幼稚園（牛頭角）,Y,Y,Y,17/03/2026
KWUN TONG,516309-0001,PLK MRS FONG WONG KAM CHUEN KINDERGARTEN,保良局方王錦全幼稚園,Y,Y,Y,17/03/2026
KWUN TONG,563951-0001,PO LEUNG KUK CHENG KWAN HOW YIN KG,保良局鄭關巧妍幼稚園,Y,Y,Y,17/03/2026
KWUN TONG,563790-0001,PO LEUNG KUK KIM HUYNH KINDERGARTEN,保良局黃樹雄幼稚園,P,N,Y,17/03/2026
KWUN TONG,604259-0001,PO LEUNG KUK LEE SHU FOOK KINDERGARTEN,保良局李樹福幼稚園,Y,Y,Y,17/03/2026
KWUN TONG,563935-0001,PO LEUNG KUK LEE SIU CHAN KINDERGARTEN,保良局李筱參幼稚園,Y,Y,Y,17/03/2026
KWUN TONG,563730-0001,PO LEUNG KUK NG PO LING KINDERGARTEN,保良局吳寶玲幼稚園,P,P,P,17/03/2026
KWUN TONG,564036-0001,POK OI HOSPITAL CHAN HSU FONG LAM KG,博愛醫院陳徐鳳蘭幼稚園,Y,Y,Y,17/03/2026
KWUN TONG,566683-0001,POK OI HOSPITAL SY SIOK CHUN KG,博愛醫院施淑鎮幼稚園,Y,P,P,17/03/2026
KWUN TONG,595365-0001,SA CENTALINE CHARITY FUND YAU TONG KG,救世軍中原慈善基金油塘幼稚園,Y,Y,Y,17/03/2026
KWUN TONG,523364-0001,SALVATION ARMY PING TIN KINDERGARTEN,救世軍平田幼稚園,Y,Y,Y,17/03/2026
KWUN TONG,325236-0001,SHARON LUTHERAN CHURCH KINDERGARTEN,路德會沙崙堂幼稚園,Y,Y,Y,17/03/2026
KWUN TONG,324426-0001,SHIN YAT TONG ON YAT KINDERGARTEN,善一堂安逸幼稚園,Y,Y,Y,17/03/2026
KWUN TONG,543390-0001,SHUN TAK FRATERNAL ASSN LEUNG KIT WAH KG,順德聯誼總會梁潔華幼稚園,Y,Y,Y,17/03/2026
KWUN TONG,564486-0001,SHUN TIN RHENISH NURSERY,禮賢會順天幼兒園,Y,Y,Y,17/03/2026
KWUN TONG,564389-0001,SIS. IMMACULATE HEART MARY GOSPEL SMP KG,聖母潔心會福音秀茂坪幼稚園,P,P,P,17/03/2026
KWUN TONG,325937-0001,SKH KINDLY LIGHT CH HOLY CARPENTER KG,聖公會慈光堂聖匠幼稚園,Y,Y,N,17/03/2026
KWUN TONG,607886-0001,SKH KINDLY LIGHT CH HOLY CARPENTER KG BR,聖公會慈光堂聖匠幼稚園（分校）,N,Y,Y,17/03/2026
KWUN TONG,532169-0001,ST ANTONIUS KINDERGARTEN,聖安當幼稚園,Y,Y,Y,17/03/2026
KWUN TONG,319562-0001,ST BARNABAS' CHURCH KINDERGARTEN,聖巴拿巴堂幼稚園,Y,Y,Y,17/03/2026
KWUN TONG,325708-0001,ST JAMES CATHOLIC KINDERGARTEN,天主教聖雅各伯幼稚園,Y,Y,Y,17/03/2026
KWUN TONG,325732-0001,ST PHILIP LUTHERAN CHURCH KINDERGARTEN,路德會聖腓力堂幼稚園,Y,Y,Y,17/03/2026
KWUN TONG,563510-0001,ST VINCENT DE PAUL NURSERY SCHOOL,天主教聖雲先幼兒學校,P,P,P,17/03/2026
KWUN TONG,324736-0001,TELFORD GARDENS KINDERGARTEN,德福幼稚園,Y,Y,Y,17/03/2026
KWUN TONG,563749-0001,TSUNG TSIN MISSION OF HK ON YEE N SCH,基督教香港崇真會安怡幼兒學校,Y,Y,Y,17/03/2026
KWUN TONG,517127-0001,TWGH WONG SEE SUM KINDERGARTEN,東華三院黃士心幼稚園,Y,Y,Y,17/03/2026
KWUN TONG,563536-0001,TWGHS CHAN HAN NURSERY SCHOOL,東華三院陳嫺幼兒園,Y,Y,Y,17/03/2026
KWUN TONG,605530-0001,TWGHS LUCINA LAAM HO KINDERGARTEN,東華三院何藍瓊纓幼稚園,Y,Y,Y,17/03/2026
KWUN TONG,566950-0001,UNITED CHRISTIAN MED SERVICE NURSERY SCH,基督教聯合醫務協會幼兒學校,Y,Y,Y,17/03/2026
KWUN TONG,528366-0001,YUEN YUEN KINDERGARTEN (PING TIN ESTATE),圓玄幼稚園（平田邨）,Y,Y,Y,17/03/2026
TSUEN WAN,601497-0001,611 TREE OF LIFE KINDERGARTEN,６１１生命樹幼稚園,Y,Y,Y,17/03/2026
TSUEN WAN,563846-0001,ALICE LAN&VERA SHEN EDU F GORDON PEI KG,藍如溪盛成皿教育基金邊耀良幼稚園,N,N,N,17/03/2026
TSUEN WAN,159220-0001,ANNUNCIATION CATHOLIC KINDERGARTEN,天主教領報幼稚園,Y,Y,Y,17/03/2026
TSUEN WAN,526010-0001,CANNAN KINDERGARTEN (RIVIERA GARDEN),迦南幼稚園（海濱花園）,Y,Y,Y,17/03/2026
TSUEN WAN,516376-0001,CANNAN KINDERGARTEN (TSUEN WAN),迦南幼稚園﹝荃灣﹞,P,Y,Y,17/03/2026
TSUEN WAN,565628-0001,CASTAR KINDERGARTEN (LEI MUK SHUE),世德幼稚園（梨木樹）,Y,Y,Y,17/03/2026
TSUEN WAN,566403-0001,CCC FUK YAU KINDERGARTEN,中華基督教會福幼幼稚園,Y,Y,Y,17/03/2026
TSUEN WAN,566411-0001,CCC FUK YAU NO. II KINDERGARTEN,中華基督教會福幼第二幼稚園,Y,Y,Y,17/03/2026
TSUEN WAN,598038-0001,CHRISTIAN ADRIANNE KG (BAYVIEW),基督教安得兒幼稚園（灣景）,Y,Y,Y,17/03/2026
TSUEN WAN,575640-0001,CHRISTIAN ADRIANNE KINDERGARTEN,基督教安得兒幼稚園,Y,Y,Y,17/03/2026
TSUEN WAN,152269-0001,CHUEN YUEN CHURCH KINDERGARTEN,全完堂幼稚園,Y,Y,Y,17/03/2026
TSUEN WAN,552747-0001,CREATIVE KINDERGARTEN (MA WAN),啓思幼稚園（馬灣）,Y,Y,Y,17/03/2026
TSUEN WAN,152498-0001,FUK LOY CHUEN KAM CHUEN KINDERGARTEN,福來邨錦全幼稚園,Y,Y,Y,17/03/2026
TSUEN WAN,565296-0001,HKSPC SHAM TSENG NURSERY SCHOOL,香港保護兒童會深井幼兒學校,Y,Y,Y,17/03/2026
TSUEN WAN,157066-0001,HKTA YUEN YUEN KINDERGARTEN,香港道教聯合會圓玄幼稚園,Y,Y,Y,17/03/2026
TSUEN WAN,563293-0001,HKYWCA TSUEN WAN NURSERY SCHOOL,香港基督教女青年會荃灣幼兒學校,N,N,N,17/03/2026
TSUEN WAN,595969-0001,HONG KONG LING LIANG CHURCH TSUEN WAN KG,香港靈糧堂荃灣幼稚園,P,P,P,17/03/2026
TSUEN WAN,156612-0002,MOE KINDERGARTEN,萌兒幼稚園,Y,Y,Y,17/03/2026
TSUEN WAN,152579-0001,MOON LOK KINDERGARTEN,滿樂幼稚園,Y,Y,Y,17/03/2026
TSUEN WAN,231690-0001,PARKVIEW RHINE GARDEN PRE-SCHOOL,栢基海韻幼稚園,Y,Y,Y,17/03/2026
TSUEN WAN,563757-0001,PO LEUNG KUK CHI PUI KINDERGARTEN,保良局志沛幼稚園,Y,Y,Y,17/03/2026
TSUEN WAN,563676-0001,PO LEUNG KUK FONG TAM YUEN LEUNG KG,保良局方譚遠良幼稚園,Y,Y,Y,17/03/2026
TSUEN WAN,562963-0001,SA LEI MUK SHUE NURSERY SCH,救世軍梨木樹幼兒學校,Y,Y,Y,17/03/2026
TSUEN WAN,158550-0001,SA NG KWOK WAI MEMORIAL KINDERGARTEN,救世軍吳國偉紀念幼稚園,Y,Y,Y,17/03/2026
TSUEN WAN,563129-0001,SA TSUEN WAN NURSERY SCH,救世軍荃灣幼兒學校,P,Y,N,17/03/2026
TSUEN WAN,231533-0001,ST MONICA'S ANGLO-CHINESE KG (TSUEN WAN),聖文嘉中英文幼稚園（荃灣）,Y,Y,Y,17/03/2026
TSUEN WAN,566187-0001,ST MONICA'S KINDERGARTEN (TSUEN WAN),聖文嘉幼稚園（荃灣）,N,N,N,17/03/2026
TSUEN WAN,231584-0001,ST. ANTHONY'S KG (BELVEDERE GARDEN),聖安多尼中英文幼稚園（麗城花園）,Y,Y,Y,17/03/2026
TSUEN WAN,158496-0001,TSUEN WAN BAPTIST CHURCH KINDERGARTEN,荃灣浸信會幼稚園,P,P,P,17/03/2026
TSUEN WAN,153907-0001,TSUEN WAN OUR LADY KINDERGARTEN,荃灣聖母幼稚園,Y,Y,Y,17/03/2026
TSUEN WAN,562890-0001,YAN CHAI HOSPITAL CHOI PAT TAI KG,仁濟醫院蔡百泰幼稚園,N,N,N,17/03/2026
TUEN MUN,231592-0001,AGNES ENGLISH KINDERGARTEN,雅麗斯英文幼稚園,Y,Y,Y,17/03/2026
TUEN MUN,609641-0001,CANNAN KINDERGARTEN (PRIME VIEW GARDEN),迦南幼稚園（景峰花園）,Y,Y,Y,17/03/2026
TUEN MUN,566292-0001,CCC TUEN MUN CHURCH KG,中華基督教會屯門堂幼稚園,Y,Y,Y,17/03/2026
TUEN MUN,157236-0001,CHING CHUNG WU KING KINDERGARTEN,青松湖景幼稚園,Y,Y,Y,17/03/2026
TUEN MUN,556246-0001,CREATIVE KINDERGARTEN (AEGEAN COAST),啓思幼稚園（愛琴）,P,P,P,17/03/2026
TUEN MUN,158852-0001,CREATIVE KINDERGARTEN (TUEN MUN BRANCH),啓思幼稚園（屯門分校）,Y,Y,Y,17/03/2026
TUEN MUN,565784-0001,FU TAI LUTHERAN DAY NURSERY,路德會富泰幼兒園,Y,Y,Y,17/03/2026
TUEN MUN,156930-0001,GUIDEPOSTS KG (TUEN MUN BRANCH),佳寶幼稚園（屯門分校）,Y,Y,Y,17/03/2026
TUEN MUN,158658-0001,GUIDEPOSTS KG 2ND BR (KIN SANG ESTATE),佳寶幼稚園第二分校（建生邨）,Y,Y,Y,17/03/2026
TUEN MUN,563277-0001,HKSKH ST. SIMON'S LEUNG KING NURSERY SCH,香港聖公會聖西門良景幼兒學校,Y,Y,Y,17/03/2026
TUEN MUN,563307-0001,HKSKH ST. SIMON'S TAI HING NURSERY SCH,香港聖公會聖西門大興幼兒學校,Y,Y,Y,17/03/2026
TUEN MUN,565059-0001,HKSPC BUTTERFLY ESTATE NURSERY SCHOOL,香港保護兒童會蝴蝶邨幼兒學校,Y,Y,Y,17/03/2026
TUEN MUN,562904-0001,HKYWCA ON TING NURSERY SCHOOL,香港基督教女青年會安定幼兒學校,Y,Y,Y,17/03/2026
TUEN MUN,157490-0001,"HOH FUK TONG KG (TM CH, CCC, HK CCL)",中華基督教會屯門堂何福堂幼稚園,Y,Y,Y,17/03/2026
TUEN MUN,567892-0002,JING JING KG (TUEN MUN BRANCH),晶晶幼稚園（屯門校）,Y,Y,Y,17/03/2026
TUEN MUN,536768-0003,KARLAM KG (TUEN MUN BRANCH),珈琳幼稚園（屯門分校）,Y,Y,Y,17/03/2026
TUEN MUN,562874-0001,KIN SANG BAPTIST CHURCH BRADBURY PRE SCH,建生浸信會白普理幼兒園,Y,Y,Y,17/03/2026
TUEN MUN,158674-0001,KIN SANG LUTHERAN KINDERGARTEN,路德會建生幼稚園,Y,Y,Y,17/03/2026
TUEN MUN,565725-0001,LEUNG KING LUTHERAN DAY NURSERY,路德會良景幼兒園,P,P,P,17/03/2026
TUEN MUN,599999-0001,LITTLE NEWTON ANGLO-CHINESE KINDERGARTEN,小牛頓中英文幼稚園,N,N,N,17/03/2026
TUEN MUN,158380-0001,LKWFS CHU SUI LAN ANGLO-CHINESE KG,世界龍岡學校朱瑞蘭（中英文）幼稚園,Y,Y,Y,17/03/2026
TUEN MUN,158836-0001,LOK SIN TONG CHEUNG YIP MOU CHING KG,樂善堂張葉茂清幼稚園,Y,Y,Y,17/03/2026
TUEN MUN,543616-0001,LST TANG TAK LIM KINDERGARTEN,樂善堂鄧德濂幼稚園,Y,Y,Y,17/03/2026
TUEN MUN,157074-0001,LUI CHEUNG KWONG LUTHERAN KINDERGARTEN,路德會呂祥光幼稚園,Y,Y,Y,17/03/2026
TUEN MUN,231185-0001,MELODY AC KG (PRIME VIEW GARDEN BR),美樂中英文幼稚園（景峰花園分校）,Y,Y,Y,17/03/2026
TUEN MUN,157503-0001,MELODY ANGLO-CHINESE KINDERGARTEN,美樂中英文幼稚園,N,Y,Y,17/03/2026
TUEN MUN,565679-0001,MELODY NURSERY (MELODY GARDEN),美樂幼兒園（美樂花園校）,Y,N,N,17/03/2026
TUEN MUN,539872-0001,PLK CHOI KOON SHUM KINDERGARTEN,保良局蔡冠深幼稚園,Y,Y,Y,17/03/2026
TUEN MUN,565318-0001,PLK MALINA NGAI (BUTTERFLY BAY) KG,保良局倪文玲（蝴蝶灣）幼稚園,Y,N,N,17/03/2026
TUEN MUN,563960-0001,PLK MALINA NGAI (YAU OI) KG,保良局倪文玲（友愛）幼稚園,P,N,N,17/03/2026
TUEN MUN,158623-0002,PLK THOMAS LIU LIT CHING  KINDERGARTEN,保良局廖烈正幼稚園,P,P,P,17/03/2026
TUEN MUN,157376-0001,PLK TIN KA PING SIU HONG KINDERGARTEN,保良局田家炳兆康幼稚園,P,P,P,17/03/2026
TUEN MUN,563080-0001,SA SAM SHING NURSERY SCH,救世軍三聖幼兒學校,N,N,N,17/03/2026
TUEN MUN,566179-0001,SKH S P CH CASTLE PEAK TSING WUN RD KG,香港聖公會青山聖彼得堂青雲路幼稚園,N,N,N,17/03/2026
TUEN MUN,159131-0001,SKH ST PETER'S CH CP SIU LUN COURT KG,聖公會青山聖彼得堂兆麟苑幼稚園,Y,Y,Y,17/03/2026
TUEN MUN,157473-0001,SKH ST PETER'S CH SHAN KING ESTATE KG,聖公會青山聖彼得堂山景邨幼稚園,Y,Y,Y,17/03/2026
TUEN MUN,151947-0001,SKH ST PETER'S CHURCH KG (CASTLE PEAK),聖公會青山聖彼得堂幼稚園,Y,Y,Y,17/03/2026
TUEN MUN,157090-0001,STFA TM LEUNG LEE SAU YU KINDERGARTEN,順德聯誼總會屯門梁李秀娛幼稚園,P,P,P,17/03/2026
TUEN MUN,158747-0001,TIN KING EST BAPT LUI KWOK PAT FONG KG,田景邨浸信會呂郭碧鳳幼稚園,Y,Y,Y,17/03/2026
TUEN MUN,541389-0001,TRUTH BAPTIST CHURCH EMPOWER KG,真理浸信會富泰幼稚園,Y,Y,Y,17/03/2026
TUEN MUN,156744-0001,TWGH KO TECK KIN MEMORIAL KINDERGARTEN,東華三院高德根紀念幼稚園,Y,Y,Y,17/03/2026
TUEN MUN,158054-0001,TWGH LEE WONG HING CHEUNG MEMORIAL KG,東華三院李黃慶祥紀念幼稚園,Y,Y,Y,17/03/2026
TUEN MUN,564150-0001,TWGHS  FONG TAM YUEN LEUNG NURSERY SCH,東華三院方譚遠良幼兒園,Y,Y,Y,17/03/2026
TUEN MUN,611093-0001,TWGHS KATHERINE MA KINDERGARTEN,東華三院馬陳家歡幼稚園,Y,Y,Y,17/03/2026
TUEN MUN,563595-0001,TWGHS TIN KA PING NURSERY SCH,東華三院田家炳幼兒園,Y,Y,Y,17/03/2026
TUEN MUN,565911-0001,W.F.B. AVALOKITESVARA NURSERY SCH,世佛會觀自在幼兒學校,Y,Y,Y,17/03/2026
TUEN MUN,565890-0001,W.F.B. MANTRA INSTITUTE NURSERY SCH,世佛會真言宗幼兒學校,N,N,N,17/03/2026
TUEN MUN,563412-0001,YAN CHAI HOSPITAL SHAN KING KINDERGARTEN,仁濟醫院山景幼稚園,Y,Y,P,17/03/2026
TUEN MUN,563366-0001,YAN CHAI HOSPITAL YAU OI KINDERGARTEN,仁濟醫院友愛幼稚園,Y,Y,N,17/03/2026
TUEN MUN,539163-0002,YAN CHAI HOSPITAL YIM TSUI YUK SHAN KG,仁濟醫院嚴徐玉珊幼稚園,Y,Y,Y,17/03/2026
TUEN MUN,157279-0001,YAN OI TONG ALLAN YAP KINDERGARTEN,仁愛堂葉德海幼稚園,Y,Y,Y,17/03/2026
TUEN MUN,564265-0001,YAN OI TONG LAU WONG FAT KINDERGARTEN,仁愛堂劉皇發幼稚園,Y,Y,Y,17/03/2026
TUEN MUN,157031-0001,YAN OI TONG NGAN PO LING KINDERGARTEN,仁愛堂顏寶鈴幼稚園,Y,Y,Y,17/03/2026
TUEN MUN,564273-0001,YAN OI TONG TIN KA PING KG,仁愛堂田家炳幼稚園,N,N,N,17/03/2026
YUEN LONG,597384-0001,ABIDING KINDERGARTEN,遵道幼稚園,Y,Y,Y,17/03/2026
YUEN LONG,597384-0002,ABIDING KINDERGARTEN,遵道幼稚園,N,N,N,17/03/2026
YUEN LONG,537594-0001,ACADEMY KINDERGARTEN (TIN SHUI WAI),翰林幼稚園（天水圍）,Y,Y,Y,17/03/2026
YUEN LONG,554383-0001,AGNES KINDERGARTEN (GRANDEUR TERRACE),雅麗斯俊宏軒幼稚園,P,P,P,17/03/2026
YUEN LONG,598623-0001,AGNES WISE KINDERGARTEN,雅麗斯樂思幼稚園,Y,Y,Y,17/03/2026
YUEN LONG,541427-0001,BUDDHIST CHI KWONG KINDERGARTEN,佛教慈光幼稚園,Y,Y,Y,17/03/2026
YUEN LONG,565814-0001,C & MA TIN CHUNG NURSERY SCH,基督教宣道會天頌幼兒學校,N,N,N,17/03/2026
YUEN LONG,156949-0001,C&MA FAIRVIEW PARK KINDERGARTEN,基督教宣道會錦綉幼稚園,Y,Y,Y,17/03/2026
YUEN LONG,534790-0001,CASTAR KINDERGARTEN,世德幼稚園,Y,Y,Y,17/03/2026
YUEN LONG,563226-0001,CECES ORGANIZED AETNA PRESCHOOL,幼聯主辦安泰幼兒學校,Y,Y,N,17/03/2026
YUEN LONG,541230-0001,CHINESE YMCA KINDERGARTEN,中華基督教青年會幼稚園,Y,Y,Y,17/03/2026
YUEN LONG,159042-0001,CHR ALLIANCE CHEN LEE WING TSING MEM KG,宣道會陳李詠貞紀念幼稚園,Y,Y,Y,17/03/2026
YUEN LONG,560740-0001,CUHK FAA CHAN CHUN HA KINDERGARTEN,香港中文大學校友會聯會陳震夏幼稚園,Y,Y,Y,17/03/2026
YUEN LONG,600377-0001,CUHK FAA SHUN LUNG YAN CHAK KINDERGARTEN,香港中文大學校友會聯會順龍仁澤幼稚園,Y,Y,Y,17/03/2026
YUEN LONG,566780-0001,EFCC - TIN YAN NURSERY SCHOOL,中國基督教播道會天恩幼兒學校,Y,Y,Y,17/03/2026
YUEN LONG,590614-0001,ELITE KIDS ANGLO-CHINESE KINDERGARTEN,英揚樂兒中英文幼稚園,Y,Y,Y,17/03/2026
YUEN LONG,566012-0001,FIRST AOG CHURCH TIN CHAK NURSERY,神召會禮拜堂天澤幼兒園,Y,Y,Y,17/03/2026
YUEN LONG,541222-0001,GIGAMIND KINDERGARTEN,激活幼稚園,N,N,N,17/03/2026
YUEN LONG,159190-0001,GUIDEPOSTS KG 3RD BR (TIN SHUI ESTATE),佳寶幼稚園第三分校（天瑞邨）,Y,Y,Y,17/03/2026
YUEN LONG,565377-0001,HKCS TIN HENG NURSERY SCHOOL,香港基督教服務處天恒幼兒學校,N,N,N,17/03/2026
YUEN LONG,564702-0001,HKSKH HA SUI WAN NURSERY SCHOOL,香港聖公會夏瑞芸幼兒學校,Y,N,N,17/03/2026
YUEN LONG,159050-0001,HO SHUI KG SPONSORED BY SIK SIK YUEN,嗇色園主辦可瑞幼稚園,Y,Y,Y,17/03/2026
YUEN LONG,524360-0002,JADE KINDERGARTEN,殷翠幼稚園,Y,Y,Y,17/03/2026
YUEN LONG,519812-0001,JING JING AC KG (HUNG SHUI KIU BR),晶晶中英文幼稚園﹝洪水橋分校﹞,Y,Y,Y,17/03/2026
YUEN LONG,231886-0002,KARLAM ANGLO-CHINESE KINDERGARTEN,珈琳中英文幼稚園,Y,Y,Y,17/03/2026
YUEN LONG,158410-0001,LONG PING ESTATE SING YAN KINDERGARTEN,朗屏邨聖恩幼稚園,Y,Y,Y,17/03/2026
YUEN LONG,532835-0001,MCC LITTLE ANGEL (TIN SHING) K/G,基督教聖約教會小天使（天盛）幼稚園,P,P,P,17/03/2026
YUEN LONG,566373-0001,NAAC YUEN LONG DAY NURSERY,鄰舍輔導會元朗幼兒園,P,P,P,17/03/2026
YUEN LONG,158313-0001,NT AOG CHURCH WAI YAN KINDERGARTEN,新界神召會懷恩幼稚園,Y,Y,Y,17/03/2026
YUEN LONG,566349-0001,NTW&JWA L YUEN LONG NURSERY SCHOOL,新界婦孺福利會元朗幼兒學校,N,N,N,17/03/2026
YUEN LONG,575666-0001,PEACE EVANGELICAL CTR KG (TIN SHUI WAI),平安福音堂幼稚園（天水圍）,Y,Y,Y,17/03/2026
YUEN LONG,159034-0001,PLK CHAN SENG YEE KINDERGARTEN,保良局曾星如幼稚園,Y,Y,Y,17/03/2026
YUEN LONG,605735-0001,PLK ELEANOR KWOK LAW KWAI CHUN KG,保良局郭羅桂珍幼稚園,P,P,P,17/03/2026
YUEN LONG,564982-0001,PO LEUNG KUK LIU SEW HAR KINDERGARTEN,保良局廖笑霞幼稚園,N,N,N,17/03/2026
YUEN LONG,564028-0001,POH CHAN POON PUI CHING MEMORIAL KG,博愛醫院陳潘佩清紀念幼稚園,N,N,N,17/03/2026
YUEN LONG,564010-0001,POH MRS. CHU KWOK KING MEMORIAL KG,博愛醫院朱國京夫人紀念幼稚園,N,N,N,17/03/2026
YUEN LONG,157732-0001,PRISTINE KINDERGARTEN,天純幼稚園,Y,Y,Y,17/03/2026
YUEN LONG,156981-0001,REGENT'S KINDERGARTEN (BRANCH SCHOOL),麗晶幼稚園分校,Y,P,P,17/03/2026
YUEN LONG,562866-0001,SA KAM TIN NURSERY SCH,救世軍錦田幼兒學校,N,N,N,17/03/2026
YUEN LONG,542687-0001,SAGARMATHA KINDERGARTEN,,N,N,N,17/03/2026
YUEN LONG,154601-0001,SKH ST JOSEPH'S CHURCH KINDERGARTEN,聖公會聖約瑟堂幼稚園,P,Y,P,17/03/2026
YUEN LONG,156795-0001,ST MATTHIAS' CHURCH CHIU CHUN KG,聖馬提亞堂肖珍幼稚園,P,Y,Y,17/03/2026
YUEN LONG,564710-0001,ST MATTHIAS' CHURCH NURSERY SCHOOL,聖公會聖馬提亞堂幼兒學校,Y,Y,N,17/03/2026
YUEN LONG,543012-0001,ST. JEROME'S CATHOLIC KINDERGARTEN,天主教聖葉理諾幼稚園,Y,Y,Y,17/03/2026
YUEN LONG,231010-0002,SUN ISLAND ENGLISH KG (YUEN LONG BRANCH),太陽島英文幼稚園（元朗分校）,Y,Y,N,17/03/2026
YUEN LONG,544167-0001,TAI PO BAPTIST KG TIN CHAK ESTATE BRANCH,大埔浸信會幼稚園天澤邨分校,Y,Y,Y,17/03/2026
YUEN LONG,537950-0001,TALENT KINDERGARTEN,天樂幼稚園,Y,Y,Y,17/03/2026
YUEN LONG,543489-0001,TIN SHUI WAI ALLIANCE KINDERGARTEN,天水圍宣道幼稚園,Y,Y,Y,17/03/2026
YUEN LONG,540560-0001,TSING YI TRADE ASSN TIN SHUI WAI KG,青衣商會天水圍幼稚園,Y,Y,Y,17/03/2026
YUEN LONG,158976-0001,TWGH WONG CHU WAI FUN KINDERGARTEN,東華三院黃朱惠芬幼稚園,P,P,P,17/03/2026
YUEN LONG,564125-0001,TWGHS  ZONTA CLUB OF KOWLOON NURSERY SCH,東華三院九龍崇德社幼兒園,P,P,P,17/03/2026
YUEN LONG,543918-0001,YAN CHAI HOSPITAL MING TAK KINDERGARTEN,仁濟醫院明德幼稚園,Y,Y,Y,17/03/2026
YUEN LONG,563420-0001,YAN CHAI HOSPITAL NINA LAM KINDERGARTEN,仁濟醫院林李婉冰幼稚園,Y,N,N,17/03/2026
YUEN LONG,564257-0001,YAN OI TONG NG WONG FUNG YING KG,仁愛堂吳黃鳳英幼稚園,Y,Y,Y,17/03/2026
YUEN LONG,570885-0001,YL CHURCH (CCC) CHAN KWONG NO. 2 KG,中華基督教會元朗堂真光幼稚園二校,N,N,Y,17/03/2026
YUEN LONG,566250-0001,YL CHURCH CCC CHOW SUNG CHU OI NUR SCH,中華基督教會元朗堂周宋主愛幼兒園,N,N,N,17/03/2026
YUEN LONG,159140-0001,YL P M S A A LAU LEUNG SHEUNG MEM K/G,元朗公立中學校友會劉良驤紀念幼稚園,Y,Y,Y,17/03/2026
YUEN LONG,549304-0001,YL TUNG KOON DIST ASSN HUNG TING KA KG,元朗東莞同鄉會熊定嘉幼稚園,Y,Y,Y,17/03/2026
YUEN LONG,158500-0001,YLC(CCC) LONG PING ESTATE CHAN KWONG KG,中華基督教會元朗堂朗屏邨真光幼稚園,P,P,P,17/03/2026
YUEN LONG,158321-0001,YUEN KONG KINDERGARTEN,元岡幼稚園,Y,Y,Y,17/03/2026
YUEN LONG,151629-0001,YUEN LONG CHURCH (CCC) CHAN KWONG KG,中華基督教會元朗堂真光幼稚園,N,Y,N,17/03/2026
YUEN LONG,155624-0001,YUEN LONG LUTHERAN LIFE KINDERGARTEN,元朗信義會生命幼稚園,N,Y,N,17/03/2026
YUEN LONG,159018-0001,YUEN LONG MERCHANTS ASSOCIATION KG,元朗商會幼稚園,Y,Y,Y,17/03/2026
YUEN LONG,564508-0001,YUEN LONG RHENISH NURSERY,禮賢會元朗幼兒園,Y,Y,Y,17/03/2026
YUEN LONG,159158-0001,YUEN LONG SAM YUK KINDERGARTEN,元朗三育幼稚園,Y,Y,Y,17/03/2026
YUEN LONG,545333-0001,YUEN YUEN KINDERGARTEN (TIN YAT ESTATE),圓玄幼稚園（天逸邨）,P,P,Y,17/03/2026
NORTH,157252-0001,BUDDHIST SUM TUNG FOOK KINDERGARTEN,佛教沈東福幼稚園,Y,Y,Y,17/03/2026
NORTH,565989-0001,CARITAS NURSERY SCHOOL - TA KWU LING,明愛打鼓嶺幼兒學校,Y,Y,Y,17/03/2026
NORTH,320544-0002,CARITAS ST FRANCIS KINDERGARTEN,明愛聖方濟各幼稚園,Y,Y,Y,17/03/2026
NORTH,566047-0001,CARITAS ZONTA  CLUB OF HK NURSERY SCHOOL,明愛香港崇德社幼兒學校,Y,Y,Y,17/03/2026
NORTH,157791-0001,CHI CHR WK'S FELLOWSHIP LTD CHOI PO KG,神召會華人同工聯會彩蒲幼稚園,Y,Y,Y,17/03/2026
NORTH,519090-0001,CHI CHR WK'S FELLOWSP LTD KING SHING KG,神召會華人同工聯會景盛幼稚園,Y,Y,Y,17/03/2026
NORTH,575429-0001,CHINESE Y.M.C.A. SHEUNG SHUI KG,中華基督教青年會上水幼稚園,Y,Y,Y,17/03/2026
NORTH,536415-0001,DAWNING VIEWS ELEMENTI ENGLISH KG,牽晴間培元英文幼稚園,Y,Y,Y,17/03/2026
NORTH,157627-0001,EVANGELICAL LU CH OF HK CHEUNG WAH KG,基督教香港信義會祥華幼稚園,Y,Y,Y,17/03/2026
NORTH,157627-0002,EVANGELICAL LU CH OF HK CHEUNG WAH KG,基督教香港信義會祥華幼稚園,N,N,N,17/03/2026
NORTH,519499-0001,FANLING AOG CHURCH GRACE LIGHT KG,基督教粉嶺神召會恩光幼稚園,Y,Y,Y,17/03/2026
NORTH,153451-0001,FANLING ASSEMBLIES OF GOD KINDERGARTEN,粉嶺神召會幼稚園,Y,Y,Y,17/03/2026
NORTH,156230-0001,FANLING BAPTIST CHURCH LUI MING CHOI KG,粉嶺浸信會呂明才幼稚園,N,N,N,17/03/2026
NORTH,158364-0001,FUNG KAI KINDERGARTEN,鳳溪幼稚園,Y,Y,Y,17/03/2026
NORTH,597295-0001,GLORIA CREATIVE KG (SHEUNG SHUI),耀基創藝幼稚園（上水）,Y,Y,Y,17/03/2026
NORTH,587869-0001,GLORIA CREATIVE KINDERGARTEN,耀基創藝幼稚園,Y,Y,Y,17/03/2026
NORTH,587141-0001,HHCKLA BUDDHIST WAI KWONG KA FUK KG,香海正覺蓮社佛教慧光嘉福幼稚園,N,N,P,17/03/2026
NORTH,158720-0001,HHCKLA BUDDHIST WAI KWONG KINDERGARTEN,香海正覺蓮社佛教慧光幼稚園,Y,Y,Y,17/03/2026
NORTH,569569-0001,HKEC ELITE KINDERGARTEN,香港宣教會優質幼兒學校,Y,Y,Y,17/03/2026
NORTH,565202-0001,HKSPC OPERATION SANTA CLAUS FANLING N S,香港保護兒童會聖誕老人愛心粉嶺幼兒學校,Y,Y,Y,17/03/2026
NORTH,542326-0002,HKTA FUNG YING TUNG SIN QUEEN'S HILL KG,香港道教聯合會蓬瀛通善皇后山幼稚園,Y,Y,Y,17/03/2026
NORTH,537098-0001,HONG KONG 5-S KINDERGARTEN,香港五常法幼稚園,Y,Y,Y,17/03/2026
NORTH,563285-0001,KA FUK BAPTIST CHURCH PRE-SCHOOL,嘉福浸信會幼兒園,Y,Y,Y,17/03/2026
NORTH,156191-0001,KAM TSIN VILLAGE HO TUNG KINDERGARTEN,金錢村何東幼稚園,Y,Y,Y,17/03/2026
NORTH,516627-0001,KOWLOON CITY BAPTIST CHURCH KA FUK KG,九龍城浸信會嘉福幼稚園,Y,Y,Y,17/03/2026
NORTH,566390-0001,NAAC FANLING DAY NURSERY,鄰舍輔導會粉嶺幼兒園,Y,N,N,17/03/2026
NORTH,566306-0001,NTW&JWA L FANLING NURSERY SCHOOL,新界婦孺福利會粉嶺幼兒學校,Y,Y,Y,17/03/2026
NORTH,566330-0001,NTW&JWA L SHEUNG SHUI NURSERY SCHOOL,新界婦孺福利會上水幼兒學校,Y,Y,Y,17/03/2026
NORTH,158780-0001,PLK MRS VICWOOD KT CHONG KINDERGARTEN,保良局莊啓程夫人幼稚園,Y,Y,Y,17/03/2026
NORTH,516384-0002,PLK YIP NG BUN BUN QUEEN'S HILL KG,保良局葉吳彬彬皇后山幼稚園,Y,Y,Y,17/03/2026
NORTH,563110-0001,SA TIN PING NURSERY SCHOOL,救世軍天平幼兒學校,N,N,Y,17/03/2026
NORTH,150843-0001,SHEUNG SHUI CHURCH KINDERGARTEN,上水堂幼稚園,Y,Y,Y,17/03/2026
NORTH,157406-0001,SHEUNG SHUI RHENISH CHURCH KINDERGARTEN,上水禮賢會幼稚園,Y,Y,Y,17/03/2026
NORTH,158208-0001,SHEUNG SHUI WAI CHOW KG (BRANCH),上水惠州幼稚園（分校）,Y,Y,Y,17/03/2026
NORTH,158593-0001,TAI PING KINDERGARTEN,太平幼稚園,Y,Y,Y,17/03/2026
NORTH,536709-0001,TRUTH BAPTIST CHURCH HO YUEN WAI KING KG,真理浸信會何袁惠琼幼稚園,Y,Y,Y,17/03/2026
NORTH,158534-0001,TWGH TSUI TSIN TONG KINDERGARTEN,東華三院徐展堂幼稚園,Y,Y,Y,17/03/2026
NORTH,563544-0001,TWGHS  HUNG WONG KAR GEE NURSERY SCHOOL,東華三院洪王家琪幼兒園,N,N,N,17/03/2026
NORTH,325767-0002,TWGHS GINNY MAN KINDERGARTEN,東華三院文頴怡幼稚園,Y,Y,Y,17/03/2026
NORTH,563390-0001,YAN CHAI HOSPITAL WING LUNG KINDERGARTEN,仁濟醫院永隆幼稚園,Y,N,N,17/03/2026
TAI PO,565806-0001,C & MA PLOVER COVE NURSERY SCH,基督教宣道會寶湖幼兒學校,N,N,N,17/03/2026
TAI PO,158577-0001,C&MA CHURCH TAI WO KINDERGARTEN,基督教宣道會太和幼稚園,Y,Y,Y,17/03/2026
TAI PO,563471-0001,EFCC - PO NGA NURSERY SCHOOL,中國基督教播道會寶雅幼兒學校,Y,Y,N,17/03/2026
TAI PO,158909-0001,FU HENG BAPTIST LUI KWOK PAT FONG KG,富亨浸信會呂郭碧鳳幼稚園,P,P,P,17/03/2026
TAI PO,627550-0001,HKCS PARIO NURSERY SCHOOL (TP),香港基督教服務處雋樂幼兒學校（大埔）,Y,Y,Y,17/03/2026
TAI PO,565237-0001,HKSPC LAM WOO NURSERY SCHOOL,香港保護兒童會林護幼兒學校,P,N,N,17/03/2026
TAI PO,158062-0001,HKTA YUEN YUEN KG (FU SHIN ESTATE),香港道教聯合會圓玄幼稚園（富善邨）,Y,Y,Y,17/03/2026
TAI PO,231134-0001,MINK ANGLO-CHINESE KINDERGARTEN,明雅中英文幼稚園,P,N,N,17/03/2026
TAI PO,566578-0001,PENTECOSTAL CHURCH OF HK TAI WO NS,竹園區神召會太和康樂幼兒學校,Y,Y,Y,17/03/2026
TAI PO,157449-0001,PLK TANG BIK WAN MEMORIAL KINDERGARTEN,保良局鄧碧雲紀念幼稚園,Y,Y,Y,17/03/2026
TAI PO,563722-0001,PO LEUNG KUK LAU CHUN KINDERGARTEN,保良局劉進幼稚園,Y,Y,Y,17/03/2026
TAI PO,563102-0001,SA TAI YUEN NURSERY SCH,救世軍大元幼兒學校,N,N,N,17/03/2026
TAI PO,158119-0001,SKH THE CHURCH OF OUR SAVIOUR KG,聖公會救主堂幼稚園,Y,Y,Y,17/03/2026
TAI PO,159166-0001,TAI PO BAPTIST KG WAN TAU TONG ESTATE BR,大埔浸信會幼稚園運頭塘邨分校,Y,Y,Y,17/03/2026
TAI PO,151157-0001,TAI PO BAPTIST KINDERGARTEN,大埔浸信會幼稚園,Y,Y,Y,17/03/2026
TAI PO,158585-0001,TAI PO CATHOLIC KINDERGARTEN,天主教大埔幼稚園,Y,Y,Y,17/03/2026
TAI PO,158895-0001,TAI PO METHODIST KINDERGARTEN,大埔循道衛理幼稚園,Y,Y,Y,17/03/2026
TAI PO,150860-0002,TAI PO RHENISH CHURCH KINDERGARTEN,大埔禮賢會幼稚園,Y,Y,Y,17/03/2026
TAI PO,150860-0003,TAI PO RHENISH CHURCH KINDERGARTEN,大埔禮賢會幼稚園,Y,Y,Y,17/03/2026
TAI PO,564087-0001,TSUNG TSIN MISSION OF HK ON YAN NUR SCH,基督教香港崇真會安仁幼兒學校,N,N,N,17/03/2026
TAI PO,157309-0001,TWGH HUNG WONG KAR GEE KINDERGARTEN,東華三院洪王家琪幼稚園,Y,Y,Y,17/03/2026
TAI PO,563560-0001,TWGHS FONG LAI MING NURSERY SCHOOL,東華三院方麗明幼兒園,Y,N,N,17/03/2026
TAI PO,621366-0001,WWCWDHK DAVID WOO MEM ANGLO-CHINESE KG,香港西區婦女福利會何瑞棠紀念中英文幼稚園,Y,Y,Y,17/03/2026
TAI PO,564281-0001,YAN OI TONG MRS AUGUSTA CHEUNG KG,仁愛堂張慕良夫人幼稚園,Y,Y,Y,17/03/2026
SAI KUNG,158739-0001,BAPT CONVENTION OF HK RCHK NORTHWEST KG,香港浸信會聯會香港西北扶輪社幼稚園,Y,Y,Y,17/03/2026
SAI KUNG,231363-0001,BEVERLY ANGLO-CHINESE KINDERGARTEN,比華利中英文幼稚園,Y,Y,Y,17/03/2026
SAI KUNG,565458-0001,BGCAHK CHEERLAND KG (TSEUNG KWAN O),香港小童群益會樂緻幼稚園（將軍澳）,N,N,N,17/03/2026
SAI KUNG,159255-0001,C&MA CH UNION TSEUNG KWAN O ALLIANCE KG,基督教宣道會香港區聯會將軍澳宣道幼稚園,Y,Y,Y,17/03/2026
SAI KUNG,524026-0001,C&MA CHURCH VERBENA KINDERGARTEN,基督教宣道會茵怡幼稚園,Y,Y,Y,17/03/2026
SAI KUNG,619787-0001,CANNAN KINDERGARTEN (TSEUNG KWAN O),迦南幼稚園（將軍澳）,N,P,P,17/03/2026
SAI KUNG,565997-0001,CARITAS NURSERY SCHOOL - TSUI LAM,明愛翠林幼兒學校,Y,Y,Y,17/03/2026
SAI KUNG,528609-0001,CCCHK CHI TO CH KEI POK KG (TKO),中華基督教會香港志道堂基博幼稚園（將軍澳）,Y,Y,Y,17/03/2026
SAI KUNG,563480-0001,EFCC - AGC ABUNDANT GRACE NUR SCH,中國基督教播道會厚恩堂厚恩幼兒學校,Y,Y,Y,17/03/2026
SAI KUNG,563340-0001,EFCC - VERBENA NURSERY SCH,中國基督教播道會茵怡幼兒學校,N,N,N,17/03/2026
SAI KUNG,564818-0001,ELCHK  KIN MING NURSERY SCHOOL,基督教香港信義會健明幼兒學校,Y,Y,Y,17/03/2026
SAI KUNG,533351-0001,ELCHK TSEUNG KWAN O KINDERGARTEN,基督教香港信義會將軍澳幼稚園,P,P,P,17/03/2026
SAI KUNG,592080-0001,FUN CREATIVE KINDERGARTEN,歡樂創意幼稚園,N,N,Y,17/03/2026
SAI KUNG,519634-0001,HK CHINESE CHURCH OF CHRIST THE LIGHT KG,香港華人基督會煜明幼稚園,Y,Y,Y,17/03/2026
SAI KUNG,563269-0001,HKSKH ST. SIMON'S SAI KUNG NURSERY SCH,香港聖公會聖西門西貢幼兒學校,P,N,N,17/03/2026
SAI KUNG,565008-0001,HKSPC OCEAN SHORES NURSERY SCHOOL,香港保護兒童會維景灣幼兒學校,N,N,N,17/03/2026
SAI KUNG,565270-0001,HKSPC SZE WU SHU MIN NURSERY SCHOOL,香港保護兒童會施吳淑敏幼兒學校,Y,Y,Y,17/03/2026
SAI KUNG,525758-0001,HO CHING KG (SPONSORED BY SIK SIK YUEN),嗇色園主辦可正幼稚園,Y,Y,Y,17/03/2026
SAI KUNG,158771-0003,JUNK BAY KINGSLAND KINDERGARTEN,將軍澳英皇幼稚園,Y,Y,Y,17/03/2026
SAI KUNG,565768-0001,KING LAM LUTHERAN DAY NURSERY,路德會景林幼兒園,Y,Y,Y,17/03/2026
SAI KUNG,542830-0001,KWUN TONG BAPTIST CHURCH CHOI MING KG,觀塘浸信會彩明幼稚園,Y,Y,Y,17/03/2026
SAI KUNG,554901-0001,LOCK TAO CHRISTIAN KINDERGARTEN,基督教樂道幼稚園,Y,Y,Y,17/03/2026
SAI KUNG,616311-0001,MAPLE BEAR CANADIAN INTL KG (LOHAS),楓葉小熊加拿大國際幼稚園（康城）,Y,Y,Y,17/03/2026
SAI KUNG,563498-0001,MISSION COVENANT CH SISTER ANNIE'S KG,基督教聖約教會司務道幼稚園,Y,Y,Y,17/03/2026
SAI KUNG,530735-0001,NTW & JWA LTD LEUNG SING TAK ANG-CHI KG,新界婦孺福利會梁省德中英文幼稚園,Y,Y,Y,17/03/2026
SAI KUNG,566586-0001,PENTECOSTAL CH OF HK TSEUNG KWAN O NS,竹園區神召會將軍澳康樂幼兒學校,Y,Y,Y,17/03/2026
SAI KUNG,159204-0001,PLK FONG WONG WOON TAI KINDERGARTEN,保良局方王換娣幼稚園,P,P,P,17/03/2026
SAI KUNG,563978-0001,PO LEUNG KUK CHOI KAI YAU KG,保良局蔡繼有幼稚園,Y,Y,Y,17/03/2026
SAI KUNG,158232-0002,PO LEUNG KUK YIP NG BUN BUN KINDERGARTEN,保良局葉吳彬彬幼稚園,Y,Y,Y,17/03/2026
SAI KUNG,159239-0001,SA HING YAN KINDERGARTEN,救世軍慶恩幼稚園,P,Y,Y,17/03/2026
SAI KUNG,563072-0001,SA MING TAK NURSERY SCH,救世軍明德幼兒學校,N,N,N,17/03/2026
SAI KUNG,153036-0001,SAI KUNG LOK-YUK KINDERGARTEN,西貢樂育幼稚園,Y,Y,Y,17/03/2026
SAI KUNG,559768-0001,ST ANDREW'S CATHOLIC KINDERGARTEN,天主教聖安德肋幼稚園,Y,Y,Y,17/03/2026
SAI KUNG,324957-0002,STEWARDS POOI YAN KINDERGARTEN,香港神託會培恩幼稚園,Y,Y,Y,17/03/2026
SAI KUNG,525731-0001,SUN ISLAND ENGLISH KG (SAI KUNG),太陽島英文幼稚園（西貢分校）,Y,Y,Y,17/03/2026
SAI KUNG,530417-0001,TSEUNG KWAN O METHODIST KINDERGARTEN,將軍澳循道衛理幼稚園,Y,Y,Y,17/03/2026
SAI KUNG,534153-0001,TSING YI TRADE ASSN TSEUNG KWAN O KG,青衣商會將軍澳幼稚園,N,N,N,17/03/2026
SAI KUNG,158470-0001,TSUI LAM ESTATE BAPTIST KINDERGARTEN,翠林邨浸信會幼稚園,Y,Y,Y,17/03/2026
SAI KUNG,158526-0001,TSUNG TSIN MISSION GRACEFUL KINDERGARTEN,崇真會美善幼稚園,Y,Y,Y,17/03/2026
SAI KUNG,559385-0001,TWGHS LIONS CLUB OF METROPOLITAN H K KG,東華三院香港華都獅子會幼稚園,Y,Y,P,17/03/2026
SAI KUNG,158984-0001,TWGHS NICKON KG,東華三院力勤幼稚園,P,P,P,17/03/2026
SAI KUNG,540811-0001,YAN OI TONG DAN YANG WING MAN KG,仁愛堂鄧楊詠曼幼稚園,Y,Y,Y,17/03/2026
SHA TIN,563838-0001,ALICE LAN&VERA SHEN EDU F DELIA PEI KG,藍如溪盛成皿教育基金邊陳之娟幼稚園,Y,Y,Y,17/03/2026
SHA TIN,543861-0001,ASSEMBLY OF GOD UNION CHURCH KG,基督教神召會合一堂幼稚園,Y,Y,Y,17/03/2026
SHA TIN,564923-0001,BAPTIST CONVENTION OF HK LEE ON NURSERY,香港浸信會聯會利安幼兒園,Y,Y,Y,17/03/2026
SHA TIN,565857-0001,C & MA SHATIN NURSERY SCH,基督教宣道會沙田幼兒學校,Y,Y,Y,17/03/2026
SHA TIN,524328-0001,C&MA JOYFUL PEACE KINDERGARTEN,基督教宣道會頌安幼稚園,Y,Y,Y,17/03/2026
SHA TIN,565970-0001,CARITAS NURSERY SCHOOL - SHATIN,明愛沙田幼兒學校,Y,Y,Y,17/03/2026
SHA TIN,522678-0001,CHR LITTLE ANGEL KG (KAM FUNG COURT),基督教小天使（錦豐）幼稚園,Y,Y,Y,17/03/2026
SHA TIN,537578-0001,CREATIVE KINDERGARTEN (CASTELLO),啓思幼稚園（帝堡城）,Y,Y,N,17/03/2026
SHA TIN,158887-0001,CUHKFAA THOMAS CHEUNG KINDERGARTEN,香港中文大學校友會聯會張煊昌幼稚園,Y,P,P,17/03/2026
SHA TIN,564826-0001,ELCHK  CHUNG ON NURSERY SCHOOL,基督教香港信義會頌安幼兒學校,Y,Y,Y,17/03/2026
SHA TIN,151203-0001,ELCHK SHATIN LUTHERAN KINDERGARTEN,基督教香港信義會沙田信義幼稚園,Y,Y,Y,17/03/2026
SHA TIN,564559-0001,"ELCHK, OI LUN NURSERY SCHOOL",基督教香港信義會愛鄰幼兒學校,Y,Y,Y,17/03/2026
SHA TIN,563862-0001,EMMANUEL CHURCH SHATIN NURSERY SCHOOL,沙田靈光幼兒學校,Y,Y,Y,17/03/2026
SHA TIN,563854-0001,FM CHURCH BRADBURY CHUN LEI NURSERY SCH,循理會白普理循理幼兒學校,Y,Y,Y,17/03/2026
SHA TIN,565431-0001,HENG ON BAPTIST NURSERY SCHOOL,恒安浸信會幼兒學校,Y,Y,Y,17/03/2026
SHA TIN,563900-0001,HK & KKWA TING SUN HUI CHIU KG,港九街坊婦女會丁孫慧珠幼稚園,N,N,N,17/03/2026
SHA TIN,157597-0001,HK&KKFWA SUN FONG CHUNG KG,港九街坊婦女會孫方中幼稚園,Y,Y,Y,17/03/2026
SHA TIN,564320-0001,HK&KKWA SUN FONG CHUNG KG (SUI WO COURT),港九街坊婦女會孫方中幼稚園（穗禾苑）,P,P,N,17/03/2026
SHA TIN,614106-0001,HKCS PARIO KINDERGARTEN (SHATIN),香港基督教服務處雋樂幼稚園（沙田）,Y,Y,Y,17/03/2026
SHA TIN,565261-0001,HKSPC THE JOCKEY CLUB HOK SAM NUR SCH,香港保護兒童會賽馬會學心幼兒學校,Y,N,Y,17/03/2026
SHA TIN,563234-0001,HKYWCA LUNG HANG NURSERY SCHOOL,香港基督教女青年會隆亨幼兒學校,P,N,N,17/03/2026
SHA TIN,524441-0001,HOP YAT CHURCH SHIN KA CHUEN MEM KG,合一堂單家傳紀念幼稚園,Y,Y,Y,17/03/2026
SHA TIN,151009-0001,IMMACULATE HEART OF MARY KINDERGARTEN,聖母無玷聖心幼稚園,P,P,P,17/03/2026
SHA TIN,158569-0001,KOWLOON CITY BAPTIST CHURCH HAY NIEN KG,九龍城浸信會禧年幼稚園,N,N,N,17/03/2026
SHA TIN,158704-0001,KWONG LAM BAPTIST LUI KWOK PAT FONG KG,廣林浸信會呂郭碧鳳幼稚園,Y,Y,Y,17/03/2026
SHA TIN,621986-0001,LIGHT AND LOVE HOME HAPPY KG (HIN KENG),光愛樂幼稚園（顯徑）,Y,Y,Y,17/03/2026
SHA TIN,324884-0002,LOK SIN TONG LEE YIN YEE KINDERGARTEN,樂善堂李賢義幼稚園,P,P,Y,17/03/2026
SHA TIN,157864-0001,LOK SIN TONG STEPHEN LEUNG KINDERGARTEN,樂善堂梁泳釗幼稚園,Y,Y,Y,17/03/2026
SHA TIN,520071-0001,MA ON SHAN LING LIANG KINDERGARTEN,馬鞍山靈糧幼稚園,Y,Y,Y,17/03/2026
SHA TIN,563625-0001,NEW KLN WOMEN ASSN SHA KOK NURSERY,新九龍婦女會沙角幼兒園,P,P,P,17/03/2026
SHA TIN,563633-0001,NEW KLN WOMEN ASSN SUN CHUI NURSERY,新九龍婦女會新翠幼兒園,Y,Y,Y,17/03/2026
SHA TIN,566314-0001,NTW&JWA L POK HONG NURSERY SCHOOL,新界婦孺福利會博康幼兒學校,P,N,N,17/03/2026
SHA TIN,158429-0001,PEACE EVANGELICAL CENTRE KINDERGARTEN,平安福音堂幼稚園,Y,Y,Y,17/03/2026
SHA TIN,158240-0001,PLK FUNG LEUNG KIT MEMORIAL KINDERGARTEN,保良局馮梁結紀念幼稚園,Y,Y,Y,17/03/2026
SHA TIN,156779-0001,PLK NG TOR TAI KINDERGARTEN,保良局吳多泰幼稚園,Y,Y,Y,17/03/2026
SHA TIN,565326-0001,PO LEUNG KUK TONG CHOR NAM (LEK YUEN) KG,保良局唐楚男（瀝源）幼稚園,Y,Y,Y,17/03/2026
SHA TIN,562947-0001,SA JAT MIN NURSERY SCH,救世軍乙明幼兒學校,N,N,N,17/03/2026
SHA TIN,156973-0001,SA TIN KA PING KINDERGARTEN,救世軍田家炳幼稚園,Y,Y,Y,17/03/2026
SHA TIN,563153-0001,SA WO CHE NURSERY SCH,救世軍禾輋幼兒學校,N,N,N,17/03/2026
SHA TIN,156493-0001,SKH HOLY SPIRIT CHURCH KG,聖公會靈風堂幼稚園,Y,Y,Y,17/03/2026
SHA TIN,159212-0001,STEWARDS POOI CHUN KINDERGARTEN,香港神託會培真幼稚園,Y,Y,Y,17/03/2026
SHA TIN,158160-0001,STFA LEUNG LEE SAU YU (SHATIN) KG,順德聯誼總會梁李秀娛沙田幼稚園,P,P,P,17/03/2026
SHA TIN,576743-0001,THE SAL ARMY CENTALINE CHARITY FUND KG,救世軍中原慈善基金幼稚園,Y,Y,Y,17/03/2026
SHA TIN,605620-0001,THE SALVATION ARMY SHUI CHUEN O KG,救世軍水泉澳幼稚園,Y,Y,Y,17/03/2026
SHA TIN,564753-0002,TRUTH BAPTIST CHURCH GLORY NURSERY,真理浸信會榮光幼兒園,Y,Y,N,17/03/2026
SHA TIN,158259-0001,TRUTH BAPTIST CHURCH KINDERGARTEN,真理浸信會幼稚園,Y,Y,Y,17/03/2026
SHA TIN,158860-0001,TRUTH BAPTIST CHURCH PICTORIAL KG,真理浸信會碧濤幼稚園,N,Y,Y,17/03/2026
SHA TIN,540579-0001,TSUNG TSIN MISS GRACEFUL KG (MA ON SHAN),崇真會美善幼稚園（馬鞍山）,Y,Y,Y,17/03/2026
SHA TIN,609137-0001,TTMHK ON CHUNG KG,基督教香港崇真會安頌幼稚園,Y,Y,Y,17/03/2026
SHA TIN,157384-0001,TWGH CHAN KING HAR KINDERGARTEN,東華三院馬陳景霞幼稚園,Y,Y,Y,17/03/2026
SHA TIN,156752-0001,TWGH LIU YAN TAK MEMORIAL KINDERGARTEN,東華三院廖恩德紀念幼稚園,Y,Y,Y,17/03/2026
SHA TIN,157511-0001,TWGH LUI FUNG FAUNG MEMORIAL KG,東華三院呂馮鳳紀念幼稚園,Y,Y,Y,17/03/2026
SHA TIN,564109-0001,TWGHS LIONS CLUB SOUTH KLN NURSERY SCH,東華三院南九龍獅子會幼兒園,Y,Y,Y,17/03/2026
SHA TIN,618594-0001,YAN OI TONG MRS CHENG TING KONG KINDERGA,仁愛堂鄭丁港夫人幼稚園,Y,Y,Y,17/03/2026
KWAI TSING,540498-0001,ANANI KINDERGARTEN,主蔭幼稚園,Y,Y,Y,17/03/2026
KWAI TSING,510726-0001,ASBURY METHODIST KINDERGARTEN,循道衛理聯合教會亞斯理幼稚園,Y,Y,Y,17/03/2026
KWAI TSING,559962-0001,CCC CHUEN YUEN KINDERGARTEN,中華基督教會全完幼稚園,N,Y,Y,17/03/2026
KWAI TSING,565733-0001,CHEUNG CHING LUTHERAN DAY NURSERY,路德會長青幼兒園,Y,Y,Y,17/03/2026
KWAI TSING,564680-0001,CHINESE YMCA KWAI CHUNG KINDERGARTEN,中華基督教青年會葵涌幼稚園,Y,Y,Y,17/03/2026
KWAI TSING,231240-0001,CHOICE ENGLISH SCH & KG (TSING YI BR),卓思英文學校暨幼稚園（青怡分校）,Y,Y,Y,17/03/2026
KWAI TSING,534226-0001,CREATIVE KINDERGARTEN (TSING YI),啓思幼稚園（青衣）,Y,Y,Y,17/03/2026
KWAI TSING,565571-0001,ELCHK  GRACE NURSERY SCHOOL,基督教香港信義會天恩幼兒學校,P,P,P,17/03/2026
KWAI TSING,564842-0001,ELCHK  LING KUNG NURSERY SCHOOL,基督教香港信義會靈工幼兒學校,Y,Y,Y,17/03/2026
KWAI TSING,156272-0001,FU YIU KINDERGARTEN,富瑤幼稚園,Y,Y,Y,17/03/2026
KWAI TSING,157643-0001,GREENVILLE ANGLO-CHINESE KINDERGARTEN,嘉言中英文幼稚園,Y,Y,Y,17/03/2026
KWAI TSING,612561-0001,HEEP HONG SOCIETY SFA HEALTHY KIDS KG,協康會上海總會康苗幼稚園,Y,Y,Y,17/03/2026
KWAI TSING,159000-0001,HK SKH THE CHURCH OF THE EPIPHANY KG,香港聖公會基督顯現堂幼稚園,Y,Y,Y,17/03/2026
KWAI TSING,623598-0001,HK YNG WOMEN'S CHRISTIAN ASST TY NUR SCH,香港基督教女青年會青衣幼兒學校,N,N,N,17/03/2026
KWAI TSING,564893-0001,HKSKH LADY MACLEHOSE CTR (SHEK YAM) KG,香港聖公會麥理浩夫人中心〈石蔭〉幼稚園,Y,Y,Y,17/03/2026
KWAI TSING,564907-0001,HKSKH LADY MACLEHOSE CTR KG,香港聖公會麥理浩夫人中心幼稚園,Y,Y,Y,17/03/2026
KWAI TSING,158461-0001,ISLAMIC POK OI KINDERGARTEN,伊斯蘭博愛幼稚園,Y,Y,Y,17/03/2026
KWAI TSING,155560-0001,KWAI CHUNG BAPTIST CHURCH KINDERGARTEN,葵涌浸信會幼稚園,Y,Y,Y,17/03/2026
KWAI TSING,528153-0001,KWAI SHING RHENISH CHURCH KINDERGARTEN,葵盛禮賢會幼稚園,Y,Y,Y,17/03/2026
KWAI TSING,564630-0001,LAI KING RHENISH NURSERY,禮賢會荔景幼兒園,Y,Y,Y,17/03/2026
KWAI TSING,156205-0001,LOK KING KINDERGARTEN,樂景幼稚園,Y,Y,Y,17/03/2026
KWAI TSING,565709-0001,MARITIME SQUARE LUTHERAN DAY NURSERY,路德會青衣城幼兒園,Y,Y,Y,17/03/2026
KWAI TSING,566322-0001,NTW&JWA L CHEUNG FAT NURSERY SCHOOL,新界婦孺福利會長發幼兒學校,Y,Y,Y,17/03/2026
KWAI TSING,546127-0001,PEACE EVANGELICAL CENTRE KG (TSING YI),平安福音堂幼稚園（青衣）,Y,Y,Y,17/03/2026
KWAI TSING,158488-0001,PLK FIONA CHEUNG SUM YU KINDERGARTEN,保良局張心瑜幼稚園,Y,Y,Y,17/03/2026
KWAI TSING,566675-0001,PLK LUI CHAN WAI CHING (KWAI FONG) KG,保良局呂陳慧貞（葵芳）幼稚園,Y,Y,Y,17/03/2026
KWAI TSING,563994-0001,PLK MR & MRS CHARLIE LEE KINDERGARTEN,保良局李俊駒伉儷幼稚園,Y,Y,Y,17/03/2026
KWAI TSING,158453-0001,PLK MRS CHAO KING LIN KINDERGARTEN,保良局曹金霖夫人幼稚園,Y,Y,Y,17/03/2026
KWAI TSING,542768-0001,PLK MRS TAM WAH CHING KINDERGARTEN,保良局譚華正夫人幼稚園,Y,Y,Y,17/03/2026
KWAI TSING,157813-0001,PLK TIN KA PING KINDERGARTEN,保良局田家炳幼稚園,Y,Y,Y,17/03/2026
KWAI TSING,157856-0001,ROCK OF AGES LUTHERAN KINDERGARTEN,路德會恩石幼稚園,Y,Y,Y,17/03/2026
KWAI TSING,157678-0001,SA FU KEUNG KINDERGARTEN,救世軍富強幼稚園,Y,Y,Y,17/03/2026
KWAI TSING,563099-0001,SA TAI WO HAU NURSERY SCH,救世軍大窩口幼兒學校,Y,Y,Y,17/03/2026
KWAI TSING,582530-0001,SIN CHING KINDERGARTEN,善正幼稚園,Y,Y,Y,17/03/2026
KWAI TSING,526665-0001,SKH CROWN OF THORNS CHURCH KWAI CHUNG KG,聖公會荊冕堂葵涌幼稚園,Y,Y,Y,17/03/2026
KWAI TSING,153087-0001,SKH CROWN OF THORNS CHURCH SADICK KG,聖公會荊冕堂士德幼稚園,Y,Y,Y,17/03/2026
KWAI TSING,568104-0001,SKH ST CHRISTOPHER'S NUR (KWAI CHUNG),聖公會聖基道幼兒園（葵涌）,P,N,N,17/03/2026
KWAI TSING,156841-0001,ST STEPHEN'S CATHOLIC KINDERGARTEN,聖斯德望天主教幼稚園,Y,Y,Y,17/03/2026
KWAI TSING,532533-0001,ST THOMAS' CATHOLIC KINDERGARTEN,天主教聖多默幼稚園,Y,Y,Y,17/03/2026
KWAI TSING,231347-0001,SUN ISLAND ENGLISH KG (KWAI HING BRANCH),太陽島英文幼稚園（葵興分校）,Y,Y,Y,17/03/2026
KWAI TSING,519103-0001,TIVOLI ANGLO-CHINESE KINDERGARTEN,宏福中英文幼稚園,Y,Y,Y,17/03/2026
KWAI TSING,623474-0001,TIVOLI KINDERGARTEN (CHING FU),宏福幼稚園（青富）,Y,Y,Y,17/03/2026
KWAI TSING,549355-0001,TSUEN WAN BAPTIST CHURCH SHEK LEI KG,荃浸石籬幼稚園,Y,Y,Y,17/03/2026
KWAI TSING,159026-0001,TSUEN WAN TRADE ASSN CHU CHEONG KG,荃灣商會朱昌幼稚園,Y,Y,Y,17/03/2026
KWAI TSING,518077-0001,TSUEN WAN TRADE ASSN YAU KIN FUNG KG,荃灣商會邱健峰幼稚園,Y,Y,Y,17/03/2026
KWAI TSING,158640-0001,TSUEN WAN TRADE ASSOCIATION CHUNG LOI KG,荃灣商會鍾來幼稚園,Y,Y,Y,17/03/2026
KWAI TSING,542547-0001,TWGH WONG WU LAI MING KINDERGARTEN,東華三院王胡麗明幼稚園,Y,Y,Y,17/03/2026
KWAI TSING,564141-0001,TWGHS LIONS CLUB THE PEAK HK NUR SCH,東華三院香港鑪峯獅子會幼兒園,Y,Y,Y,17/03/2026
KWAI TSING,565903-0001,W.F.B. MANJUSRI NURSERY SCH,世佛會文殊幼兒學校,Y,Y,Y,17/03/2026
KWAI TSING,563374-0001,YAN CHAI HOSPITAL JU CHING CHU KG,仁濟醫院裘錦秋幼稚園,Y,Y,Y,17/03/2026
KWAI TSING,563404-0001,YAN CHAI HOSPITAL TUNG PAK YING KG,仁濟醫院董伯英幼稚園,Y,Y,Y,17/03/2026
KWAI TSING,159093-0001,YAN OI TONG PANG HUNG CHEUNG KG,仁愛堂彭鴻樟幼稚園,Y,Y,Y,17/03/2026
KWAI TSING,563382-0001,YCH ZONTA CLUB OF KOWLOON KINDERGARTEN,仁濟醫院九龍崇德社幼稚園,Y,Y,N,17/03/2026
ISLANDS,517518-0001,BUDDHIST CHEUNG MUI KWAI KINDERGARTEN,佛教張梅桂幼稚園,Y,Y,Y,17/03/2026
ISLANDS,556220-0001,BUDDHIST CHUN YUE LEE KAM ZI MEMORIAL KG,佛教真如李琴芝紀念幼稚園,P,P,N,17/03/2026
ISLANDS,155233-0002,C&MA TAI O KINDERGARTEN,基督教宣道會大澳幼稚園,Y,Y,Y,17/03/2026
ISLANDS,151424-0001,CCC CHEUNG CHAU CHURCH KAM KONG KG,中華基督教會長洲堂錦江幼稚園,Y,Y,Y,17/03/2026
ISLANDS,565741-0001,CHAN EN MEI LUTHERAN DAY NURSERY,路德會陳恩美幼兒園,Y,Y,Y,17/03/2026
ISLANDS,152978-0001,CHEUNG CHAU SACRED HEART KINDERGARTEN,長洲聖心幼稚園,Y,Y,Y,17/03/2026
ISLANDS,520144-0002,CHING CHUNG YU NGA KINDERGARTEN,青松裕雅幼稚園,P,Y,Y,17/03/2026
ISLANDS,554251-0001,CHR THE FAITH HOPE L CH YAT TUNG KG,基督徒信望愛堂逸東幼稚園,Y,Y,Y,17/03/2026
ISLANDS,524123-0001,CPC GREEN PASTURE KG,金巴崙長老會青草地幼稚園,Y,Y,Y,17/03/2026
ISLANDS,566926-0001,HKSKH TUNG CHUNG NURSERY SCHOOL,香港聖公會東涌幼兒學校,N,N,N,17/03/2026
ISLANDS,615080-0001,HKYWCA HELEN LEE KINDERGARTEN,香港基督教女青年會趣沂幼稚園,Y,Y,Y,17/03/2026
ISLANDS,527211-0001,KWOK MAN SCHOOL ANGLO-CHINESE KG,國民學校中英文幼稚園,Y,Y,Y,17/03/2026
ISLANDS,155705-0001,LICK HANG KINDERGARTEN,力行幼稚園,N,Y,Y,17/03/2026
ISLANDS,155705-0002,LICK HANG KINDERGARTEN,力行幼稚園,N,N,N,17/03/2026
ISLANDS,565717-0001,LUI KWAN POK LUTHERAN DAY NURSERY,路德會呂君博幼兒園,Y,Y,Y,17/03/2026
ISLANDS,566381-0001,NAAC TUNG CHUNG DAY NURSERY,鄰舍輔導會東涌幼兒園,Y,Y,Y,17/03/2026
ISLANDS,575011-0001,NAAC TUNG YAN DAY NURSERY,鄰舍輔導會東欣幼兒園,N,N,N,17/03/2026
ISLANDS,156698-0001,NAM YING KINDERGARTEN,南英幼稚園,Y,P,Y,17/03/2026
ISLANDS,151564-0001,OUR LADY OF LOURDES CATHOLIC KG,天主教露德聖母幼稚園,Y,Y,Y,17/03/2026
ISLANDS,523445-0002,PLK CHEUNG POON MEI YEE KINDERGARTEN,保良局張潘美意幼稚園,P,P,N,17/03/2026
ISLANDS,556122-0001,SHIN YAT TONG YAT TUNG KINDERGARTEN,善一堂逸東幼稚園,Y,Y,Y,17/03/2026
ISLANDS,555576-0001,SUN ISLAND KINDERGARTEN (TUNG CHUNG BR),太陽島幼稚園（東涌分校）,P,N,N,17/03/2026
ISLANDS,612936-0001,THE SALVATION ARMY ROSITA YUEN KG,救世軍源林潔和幼稚園,Y,Y,Y,17/03/2026
ISLANDS,542296-0001,TUNG CHUNG BAPTIST KINDERGARTEN,東涌浸信會幼稚園,Y,Y,Y,17/03/2026
ISLANDS,543004-0001,TUNG CHUNG CATHOLIC KINDERGATEN,東涌天主教幼稚園,Y,Y,Y,17/03/2026
